pair,pair_label,run,context,dataset,seed,config,config_label,num_prompts,accept_rate,accept_ci_low,accept_ci_high,acceptance_retained,accepted_per_round,top1_match,round_js,accept_mass,draft_cache_saved_fraction,total_cache_saved_fraction,exact_match,tie_consistent_mismatches,non_tie_mismatches,unknown_mismatches,valid_exact_generation,summary_path
llama31_8b_llama32_3b,Llama 3.1 8B/3.2 3B,allocation_ctx1024,1024,wikitext,0,none,BF16,32,0.5198237885462555,0.4644735356546087,0.5843949044585988,1.0,2.09656498015873,0.7814856150793651,0.06724868564582205,0.7875064208066933,0.0,0.0,0.8125,6,0,0,True,outputs/iclr_spec_kv/llama31_8b_llama32_3b/allocation_ctx1024/summary.json
llama31_8b_llama32_3b,Llama 3.1 8B/3.2 3B,allocation_ctx1024,1024,wikitext,0,sensitivity_aware,Sensitivity-aware,32,0.5344311377245509,0.4691358024691358,0.6035889070146819,1.0281005785040087,2.1299107142857143,0.7597098214285715,0.0725184566872009,0.7773128157287525,0.21205357142857142,0.09895833333333333,0.875,4,0,0,True,outputs/iclr_spec_kv/llama31_8b_llama32_3b/allocation_ctx1024/summary.json
llama31_8b_llama32_3b,Llama 3.1 8B/3.2 3B,c4_ctx1024_seed1,1024,allenai/c4,1,none,BF16,16,0.4642857142857143,0.37530266343825663,0.574613095238095,1.0,1.8862103174603175,0.758234126984127,0.11522186598395198,0.7148516571444427,0.0,0.0,0.6875,5,0,0,True,outputs/iclr_spec_kv/llama31_8b_llama32_3b/c4_ctx1024_seed1/summary.json
llama31_8b_llama32_3b,Llama 3.1 8B/3.2 3B,c4_ctx1024_seed1,1024,allenai/c4,1,k8v4,K8 V4,16,0.46408839779005523,0.37897310513447435,0.5732484076433121,0.9995750106247343,1.9157986111111112,0.7537450396825397,0.11564047801335359,0.7150387644922058,0.6171875,0.28802083333333334,0.75,3,1,0,False,outputs/iclr_spec_kv/llama31_8b_llama32_3b/c4_ctx1024_seed1/summary.json
llama31_8b_llama32_3b,Llama 3.1 8B/3.2 3B,c4_ctx1024_seed1,1024,allenai/c4,1,k4v8,K4 V8,16,0.4376657824933687,0.3586698337292161,0.5329341317365269,0.9426647622934095,1.8543898809523809,0.7213789682539683,0.1268210871068616,0.6878090112928129,0.6171875,0.28802083333333334,0.8125,3,0,0,True,outputs/iclr_spec_kv/llama31_8b_llama32_3b/c4_ctx1024_seed1/summary.json
llama31_8b_llama32_3b,Llama 3.1 8B/3.2 3B,c4_ctx1024_seed2,1024,allenai/c4,2,none,BF16,16,0.6394557823129252,0.5652173913043478,0.7222378277153556,1.0,2.4413690476190477,0.8169642857142857,0.02643597023697747,0.8523278287478856,0.0,0.0,0.8125,3,0,0,True,outputs/iclr_spec_kv/llama31_8b_llama32_3b/c4_ctx1024_seed2/summary.json
llama31_8b_llama32_3b,Llama 3.1 8B/3.2 3B,c4_ctx1024_seed2,1024,allenai/c4,2,k8v4,K8 V4,16,0.6482758620689655,0.5709667929155583,0.7340823970037453,1.0137931034482757,2.4605654761904763,0.8205357142857143,0.027736144906269442,0.8500118408973019,0.6171875,0.28802083333333334,0.8125,3,0,0,True,outputs/iclr_spec_kv/llama31_8b_llama32_3b/c4_ctx1024_seed2/summary.json
llama31_8b_llama32_3b,Llama 3.1 8B/3.2 3B,c4_ctx1024_seed2,1024,allenai/c4,2,k4v8,K4 V8,16,0.5583596214511041,0.48,0.6472808577156219,0.8731794080139605,2.1828125,0.8029761904761905,0.037145197507789655,0.8279986318866057,0.6171875,0.28802083333333334,0.75,4,0,0,True,outputs/iclr_spec_kv/llama31_8b_llama32_3b/c4_ctx1024_seed2/summary.json
llama31_8b_llama32_3b,Llama 3.1 8B/3.2 3B,wikitext_ctx1024,1024,wikitext,0,none,BF16,32,0.5198237885462555,0.4590604026845638,0.585062426625894,1.0,2.09656498015873,0.7814856150793651,0.06724868564582205,0.7875064208066933,0.0,0.0,0.8125,6,0,0,True,outputs/iclr_spec_kv/llama31_8b_llama32_3b/wikitext_ctx1024/summary.json
llama31_8b_llama32_3b,Llama 3.1 8B/3.2 3B,wikitext_ctx1024,1024,wikitext,0,k8v8,K8 V8,32,0.533532041728763,0.47586206896551725,0.5955056179775281,1.026370961630756,2.1115575396825395,0.7974454365079365,0.06741003852013767,0.787949082134698,0.4921875,0.2296875,0.8125,6,0,0,True,outputs/iclr_spec_kv/llama31_8b_llama32_3b/wikitext_ctx1024/summary.json
llama31_8b_llama32_3b,Llama 3.1 8B/3.2 3B,wikitext_ctx1024,1024,wikitext,0,k8v4,K8 V4,32,0.5228951255539144,0.46258503401360546,0.5888,1.0059084194977843,2.0892733134920634,0.7856522817460317,0.07019211369013012,0.7802252800205708,0.6171875,0.28802083333333334,0.84375,5,0,0,True,outputs/iclr_spec_kv/llama31_8b_llama32_3b/wikitext_ctx1024/summary.json
llama31_8b_llama32_3b,Llama 3.1 8B/3.2 3B,wikitext_ctx1024,1024,wikitext,0,k4v8,K4 V8,32,0.5115942028985507,0.45479082321187586,0.5685419044042236,0.984168508965856,2.0078869047619046,0.7901785714285714,0.07591741038332939,0.7704612828353198,0.6171875,0.28802083333333334,0.8125,6,0,0,True,outputs/iclr_spec_kv/llama31_8b_llama32_3b/wikitext_ctx1024/summary.json
llama31_8b_llama32_3b,Llama 3.1 8B/3.2 3B,wikitext_ctx1024,1024,wikitext,0,k4v4,K4 V4,32,0.5115942028985507,0.45614035087719296,0.571434134401424,0.984168508965856,2.0306547619047617,0.7757440476190476,0.07693036419851534,0.768241739581849,0.7421875,0.3463541666666667,0.8125,6,0,0,True,outputs/iclr_spec_kv/llama31_8b_llama32_3b/wikitext_ctx1024/summary.json
llama31_8b_llama32_3b,Llama 3.1 8B/3.2 3B,wikitext_ctx4096,4096,wikitext,0,none,BF16,12,0.5738396624472574,0.515625,0.6425339366515838,1.0,2.1930555555555555,0.7930555555555555,0.08377055824732654,0.7599966851166552,0.0,0.0,0.8333333333333334,2,0,0,True,outputs/iclr_spec_kv/llama31_8b_llama32_3b/wikitext_ctx4096/summary.json
llama31_8b_llama32_3b,Llama 3.1 8B/3.2 3B,wikitext_ctx4096,4096,wikitext,0,k8v8,K8 V8,12,0.576271186440678,0.5177865612648221,0.6438356164383562,1.0042372881355932,2.1902777777777778,0.7930555555555555,0.0876005762778934,0.7527524781309896,0.4921875,0.2296875,0.8333333333333334,2,0,0,True,outputs/iclr_spec_kv/llama31_8b_llama32_3b/wikitext_ctx4096/summary.json
llama31_8b_llama32_3b,Llama 3.1 8B/3.2 3B,wikitext_ctx4096,4096,wikitext,0,k8v4,K8 V4,12,0.6026200873362445,0.5465587044534413,0.6619718309859155,1.0501541227844848,2.2607142857142857,0.793452380952381,0.08483912514817521,0.7609408162859461,0.6171875,0.28802083333333334,0.9166666666666666,1,0,0,True,outputs/iclr_spec_kv/llama31_8b_llama32_3b/wikitext_ctx4096/summary.json
llama31_8b_llama32_3b,Llama 3.1 8B/3.2 3B,wikitext_ctx4096,4096,wikitext,0,k4v8,K4 V8,12,0.5555555555555556,0.4999521072796935,0.625,0.9681372549019609,2.1152777777777776,0.7541666666666668,0.09826268870581568,0.7232460644717018,0.6171875,0.28802083333333334,0.6666666666666666,4,0,0,True,outputs/iclr_spec_kv/llama31_8b_llama32_3b/wikitext_ctx4096/summary.json
llama31_8b_llama32_3b,Llama 3.1 8B/3.2 3B,wikitext_ctx4096,4096,wikitext,0,k4v4,K4 V4,12,0.5381526104417671,0.4798497627833421,0.606063958165728,0.93781006378455,2.039484126984127,0.7932539682539682,0.09164199007839974,0.7339590741764931,0.7421875,0.3463541666666667,0.75,3,0,0,True,outputs/iclr_spec_kv/llama31_8b_llama32_3b/wikitext_ctx4096/summary.json
olmo2_7b_1b,OLMo-2 7B/1B,allocation_ctx1024,1024,wikitext,0,none,BF16,32,0.43007915567282323,0.37287777800494776,0.49927431059506533,1.0,1.726984126984127,0.6936259920634921,0.10108495878997105,0.7215335320211976,0.0,0.0,0.875,1,3,0,False,outputs/iclr_spec_kv/olmo2_7b_1b/allocation_ctx1024/summary.json
olmo2_7b_1b,OLMo-2 7B/1B,allocation_ctx1024,1024,wikitext,0,sensitivity_aware,Sensitivity-aware,32,0.43064729194187584,0.3722592346825923,0.4963828336035978,1.0013210039630118,1.7199156746031745,0.7054191468253969,0.10757346014182306,0.7134192707486421,0.37109375,0.07421875,0.9375,1,1,0,False,outputs/iclr_spec_kv/olmo2_7b_1b/allocation_ctx1024/summary.json
olmo2_7b_1b,OLMo-2 7B/1B,c4_ctx1024_seed1,1024,allenai/c4,1,none,BF16,16,0.5240963855421686,0.41533890753864644,0.6310344827586207,1.0,2.1023674242424244,0.772159090909091,0.06892274849152741,0.7628205244824516,0.0,0.0,0.9375,0,1,0,False,outputs/iclr_spec_kv/olmo2_7b_1b/c4_ctx1024_seed1/summary.json
olmo2_7b_1b,OLMo-2 7B/1B,c4_ctx1024_seed1,1024,allenai/c4,1,k8v4,K8 V4,16,0.5119047619047619,0.4035532994923858,0.6203389830508474,0.9767378215654078,2.0676948051948054,0.7803436147186147,0.06665352048762956,0.7701627922764459,0.6171875,0.1234375,0.9375,0,1,0,False,outputs/iclr_spec_kv/olmo2_7b_1b/c4_ctx1024_seed1/summary.json
olmo2_7b_1b,OLMo-2 7B/1B,c4_ctx1024_seed1,1024,allenai/c4,1,k4v8,K4 V8,16,0.501466275659824,0.4005102040816326,0.6053511705685619,0.9568207098796643,2.0145698051948053,0.7818317099567099,0.07157833634243588,0.7549413232334378,0.6171875,0.1234375,0.9375,0,1,0,False,outputs/iclr_spec_kv/olmo2_7b_1b/c4_ctx1024_seed1/summary.json
olmo2_7b_1b,OLMo-2 7B/1B,c4_ctx1024_seed2,1024,allenai/c4,2,none,BF16,16,0.5089285714285714,0.4186605263157895,0.6169616653395517,1.0,2.0274305555555556,0.7925347222222222,0.05293748510011938,0.7904532557042936,0.0,0.0,0.9375,1,0,0,True,outputs/iclr_spec_kv/olmo2_7b_1b/c4_ctx1024_seed2/summary.json
olmo2_7b_1b,OLMo-2 7B/1B,c4_ctx1024_seed2,1024,allenai/c4,2,k8v4,K8 V4,16,0.55,0.45179063360881544,0.6678986373112317,1.0807017543859652,2.177579365079365,0.8100198412698413,0.05639297306544673,0.7846771876859878,0.6171875,0.1234375,0.9375,1,0,0,True,outputs/iclr_spec_kv/olmo2_7b_1b/c4_ctx1024_seed2/summary.json
olmo2_7b_1b,OLMo-2 7B/1B,c4_ctx1024_seed2,1024,allenai/c4,2,k4v8,K4 V8,16,0.47592067988668557,0.3759213759213759,0.593460453480945,0.935142388549277,1.9526041666666667,0.7626736111111111,0.06057194247493195,0.7753818536384238,0.6171875,0.1234375,0.9375,1,0,0,True,outputs/iclr_spec_kv/olmo2_7b_1b/c4_ctx1024_seed2/summary.json
olmo2_7b_1b,OLMo-2 7B/1B,wikitext_ctx1024,1024,wikitext,0,none,BF16,32,0.43007915567282323,0.37273468671708265,0.49206406303528605,1.0,1.726984126984127,0.6936259920634921,0.10108495878997105,0.7215335320211976,0.0,0.0,0.875,1,3,0,False,outputs/iclr_spec_kv/olmo2_7b_1b/wikitext_ctx1024/summary.json
olmo2_7b_1b,OLMo-2 7B/1B,wikitext_ctx1024,1024,wikitext,0,k8v8,K8 V8,32,0.4287598944591029,0.36867315979245446,0.4934502570017936,0.9969325153374232,1.7225198412698413,0.6891617063492064,0.10158002332855826,0.7198635334647926,0.4921875,0.0984375,0.875,1,3,0,False,outputs/iclr_spec_kv/olmo2_7b_1b/wikitext_ctx1024/summary.json
olmo2_7b_1b,OLMo-2 7B/1B,wikitext_ctx1024,1024,wikitext,0,k8v4,K8 V4,32,0.42782152230971127,0.3645081094887404,0.49927849927849927,0.994750656167979,1.7421999007936508,0.6970858134920634,0.09929156089263502,0.725717968053724,0.6171875,0.1234375,0.875,1,3,0,False,outputs/iclr_spec_kv/olmo2_7b_1b/wikitext_ctx1024/summary.json
olmo2_7b_1b,OLMo-2 7B/1B,wikitext_ctx1024,1024,wikitext,0,k4v8,K4 V8,32,0.4296977660972405,0.3696969696969697,0.4957142857142857,0.9991132107414364,1.7474578373015872,0.7176091269841269,0.10089664742305132,0.7257491821959053,0.6171875,0.1234375,0.875,1,3,0,False,outputs/iclr_spec_kv/olmo2_7b_1b/wikitext_ctx1024/summary.json
olmo2_7b_1b,OLMo-2 7B/1B,wikitext_ctx1024,1024,wikitext,0,k4v4,K4 V4,32,0.42800528401585203,0.3617712358799049,0.5072886297376094,0.995177930319067,1.7504712301587302,0.7069196428571428,0.10347680984151657,0.7220713972879041,0.7421875,0.1484375,0.90625,1,2,0,False,outputs/iclr_spec_kv/olmo2_7b_1b/wikitext_ctx1024/summary.json
olmo2_7b_1b,OLMo-2 7B/1B,wikitext_ctx4096,4096,wikitext,0,none,BF16,12,0.48854961832061067,0.4013605442176871,0.5938864628820961,1.0,1.9406415343915342,0.7465939153439153,0.08206121931471566,0.771155791360609,0.0,0.0,1.0,0,0,0,True,outputs/iclr_spec_kv/olmo2_7b_1b/wikitext_ctx4096/summary.json
olmo2_7b_1b,OLMo-2 7B/1B,wikitext_ctx4096,4096,wikitext,0,k8v8,K8 V8,12,0.5118110236220472,0.4146341463414634,0.6311287878787876,1.047613188976378,2.0586970899470898,0.7743716931216932,0.08212499767633893,0.772820128343886,0.4921875,0.0984375,0.9166666666666666,0,1,0,False,outputs/iclr_spec_kv/olmo2_7b_1b/wikitext_ctx4096/summary.json
olmo2_7b_1b,OLMo-2 7B/1B,wikitext_ctx4096,4096,wikitext,0,k8v4,K8 V4,12,0.5362903225806451,0.43157894736842106,0.6666666666666666,1.097719254032258,2.1535383597883597,0.8301256613756615,0.07761837027680711,0.7820382006993646,0.6171875,0.1234375,0.9166666666666666,0,1,0,False,outputs/iclr_spec_kv/olmo2_7b_1b/wikitext_ctx4096/summary.json
olmo2_7b_1b,OLMo-2 7B/1B,wikitext_ctx4096,4096,wikitext,0,k4v8,K4 V8,12,0.5078125,0.44727272727272727,0.5780590717299579,1.0394287109375,1.9114087301587304,0.7616071428571428,0.08252419984097027,0.7604222883632968,0.6171875,0.1234375,0.9166666666666666,0,1,0,False,outputs/iclr_spec_kv/olmo2_7b_1b/wikitext_ctx4096/summary.json
olmo2_7b_1b,OLMo-2 7B/1B,wikitext_ctx4096,4096,wikitext,0,k4v4,K4 V4,12,0.5301204819277109,0.4377224199288256,0.6380090497737556,1.0850903614457832,2.054232804232804,0.7919312169312169,0.07734823510335921,0.7712447080544379,0.7421875,0.1484375,0.9166666666666666,0,1,0,False,outputs/iclr_spec_kv/olmo2_7b_1b/wikitext_ctx4096/summary.json
qwen25_3b_15b,Qwen2.5 3B/1.5B,allocation_ctx1024,1024,wikitext,0,none,BF16,32,0.598694942903752,0.5388127853881278,0.6660954891622728,1.0,2.297581845238095,0.8118303571428571,0.054052995489069014,0.803913334453301,0.0,0.0,0.9375,2,0,0,True,outputs/iclr_spec_kv/qwen25_3b_15b/allocation_ctx1024/summary.json
qwen25_3b_15b,Qwen2.5 3B/1.5B,allocation_ctx1024,1024,wikitext,0,sensitivity_aware,Sensitivity-aware,32,0.5796178343949044,0.5214798949614311,0.6500965949895242,0.9681355108557941,2.2376860119047617,0.8220238095238095,0.0545833409833855,0.8018145858620603,0.18540736607142858,0.08111572265625,0.90625,3,0,0,True,outputs/iclr_spec_kv/qwen25_3b_15b/allocation_ctx1024/summary.json
qwen25_3b_15b,Qwen2.5 3B/1.5B,c4_ctx1024_seed1,1024,allenai/c4,1,none,BF16,16,0.4733893557422969,0.4116122159090909,0.5365853658536586,1.0,1.815252976190476,0.7334821428571429,0.05219268573252651,0.784749323027652,0.0,0.0,0.6875,5,0,0,True,outputs/iclr_spec_kv/qwen25_3b_15b/c4_ctx1024_seed1/summary.json
qwen25_3b_15b,Qwen2.5 3B/1.5B,c4_ctx1024_seed1,1024,allenai/c4,1,k8v4,K8 V4,16,0.46537396121883656,0.3882063882063882,0.540785498489426,0.9830680719238145,1.811904761904762,0.7302579365079365,0.05339200326035054,0.7806068322990858,0.6171875,0.27001953125,0.6875,5,0,0,True,outputs/iclr_spec_kv/qwen25_3b_15b/c4_ctx1024_seed1/summary.json
qwen25_3b_15b,Qwen2.5 3B/1.5B,c4_ctx1024_seed1,1024,allenai/c4,1,k4v8,K4 V8,16,0.28051391862955033,0.2129620828052387,0.35766870616859875,0.5925649050340205,1.125236568986569,0.5847889957264957,0.1917587440939268,0.5511825047983897,0.6171875,0.27001953125,0.8125,3,0,0,True,outputs/iclr_spec_kv/qwen25_3b_15b/c4_ctx1024_seed1/summary.json
qwen25_3b_15b,Qwen2.5 3B/1.5B,c4_ctx1024_seed2,1024,allenai/c4,2,none,BF16,16,0.6360544217687075,0.5457317073170732,0.7300380228136882,1.0,2.4380208333333333,0.84375,0.03720897294518106,0.8360529503785074,0.0,0.0,0.8125,3,0,0,True,outputs/iclr_spec_kv/qwen25_3b_15b/c4_ctx1024_seed2/summary.json
qwen25_3b_15b,Qwen2.5 3B/1.5B,c4_ctx1024_seed2,1024,allenai/c4,2,k8v4,K8 V4,16,0.6019417475728155,0.5087209302325582,0.7065217391304348,0.9463683090182232,2.4051339285714284,0.7989583333333333,0.038622107738310554,0.8335218250729322,0.6171875,0.27001953125,0.8125,3,0,0,True,outputs/iclr_spec_kv/qwen25_3b_15b/c4_ctx1024_seed2/summary.json
qwen25_3b_15b,Qwen2.5 3B/1.5B,c4_ctx1024_seed2,1024,allenai/c4,2,k4v8,K4 V8,16,0.32027649769585254,0.2567849686847599,0.39185750636132316,0.503536311885458,1.2232390873015873,0.5697307900432901,0.1853021082355018,0.5768611175969931,0.6171875,0.27001953125,0.875,2,0,0,True,outputs/iclr_spec_kv/qwen25_3b_15b/c4_ctx1024_seed2/summary.json
qwen25_3b_15b,Qwen2.5 3B/1.5B,wikitext_ctx1024,1024,wikitext,0,none,BF16,32,0.598694942903752,0.5403317950956549,0.6666666666666666,1.0,2.297581845238095,0.8118303571428571,0.054052995489069014,0.803913334453301,0.0,0.0,0.9375,2,0,0,True,outputs/iclr_spec_kv/qwen25_3b_15b/wikitext_ctx1024/summary.json
qwen25_3b_15b,Qwen2.5 3B/1.5B,wikitext_ctx1024,1024,wikitext,0,k8v8,K8 V8,32,0.584,0.5267857142857143,0.6487912351333162,0.9754550408719346,2.2609002976190475,0.8034970238095238,0.05378291996700541,0.8048294135014571,0.4921875,0.21533203125,0.9375,2,0,0,True,outputs/iclr_spec_kv/qwen25_3b_15b/wikitext_ctx1024/summary.json
qwen25_3b_15b,Qwen2.5 3B/1.5B,wikitext_ctx1024,1024,wikitext,0,k8v4,K8 V4,32,0.5938511326860841,0.5337306122723391,0.6643112645705378,0.9919093851132686,2.296168154761905,0.8209077380952381,0.05413708288815488,0.8022786823700049,0.6171875,0.27001953125,0.9375,2,0,0,True,outputs/iclr_spec_kv/qwen25_3b_15b/wikitext_ctx1024/summary.json
qwen25_3b_15b,Qwen2.5 3B/1.5B,wikitext_ctx1024,1024,wikitext,0,k4v8,K4 V8,32,0.28202368137782563,0.2193486590038314,0.3563636363636364,0.4710640781596924,1.2741137334887336,0.5925533667721168,0.2342551355857935,0.520573134111177,0.6171875,0.27001953125,0.875,4,0,0,True,outputs/iclr_spec_kv/qwen25_3b_15b/wikitext_ctx1024/summary.json
qwen25_3b_15b,Qwen2.5 3B/1.5B,wikitext_ctx1024,1024,wikitext,0,k4v4,K4 V4,32,0.27310924369747897,0.21032252337554738,0.3501833892294875,0.45617429533121145,1.2445513687701188,0.5673797556610056,0.23681094836742972,0.5172409305243252,0.7421875,0.32470703125,0.78125,7,0,0,True,outputs/iclr_spec_kv/qwen25_3b_15b/wikitext_ctx1024/summary.json
qwen25_3b_15b,Qwen2.5 3B/1.5B,wikitext_ctx16384,16384,wikitext,0,none,BF16,2,0.5238095238095238,0.4,0.7058823529411765,1.0,1.9142857142857141,0.6857142857142857,0.04926530746909391,0.8112221607140133,0.0,0.0,1.0,0,0,0,True,outputs/iclr_spec_kv/qwen25_3b_15b/wikitext_ctx16384/summary.json
qwen25_3b_15b,Qwen2.5 3B/1.5B,wikitext_ctx16384,16384,wikitext,0,k8v4,K8 V4,2,0.5,0.36,0.7058823529411765,0.9545454545454545,1.842857142857143,0.6142857142857143,0.051240262450716854,0.8051057509013584,0.6171875,0.27001953125,1.0,0,0,0,True,outputs/iclr_spec_kv/qwen25_3b_15b/wikitext_ctx16384/summary.json
qwen25_3b_15b,Qwen2.5 3B/1.5B,wikitext_ctx16384,16384,wikitext,0,k4v8,K4 V8,2,0.36,0.27586206896551724,0.47619047619047616,0.6872727272727273,1.3333333333333335,0.5625,0.22454596035337698,0.510835813668867,0.6171875,0.27001953125,1.0,0,0,0,True,outputs/iclr_spec_kv/qwen25_3b_15b/wikitext_ctx16384/summary.json
qwen25_3b_15b,Qwen2.5 3B/1.5B,wikitext_ctx4096,4096,wikitext,0,none,BF16,12,0.6682242990654206,0.5601659751037344,0.7925531914893617,1.0,2.624206349206349,0.8376984126984127,0.03434976137954985,0.8434514490266641,0.0,0.0,0.9166666666666666,1,0,0,True,outputs/iclr_spec_kv/qwen25_3b_15b/wikitext_ctx4096/summary.json
qwen25_3b_15b,Qwen2.5 3B/1.5B,wikitext_ctx4096,4096,wikitext,0,k8v8,K8 V8,12,0.6792452830188679,0.5637860082304527,0.8162162162162162,1.0164929410212429,2.6450396825396827,0.8376984126984127,0.03754726633617086,0.8389016174489544,0.4921875,0.21533203125,0.9166666666666666,1,0,0,True,outputs/iclr_spec_kv/qwen25_3b_15b/wikitext_ctx4096/summary.json
qwen25_3b_15b,Qwen2.5 3B/1.5B,wikitext_ctx4096,4096,wikitext,0,k8v4,K8 V4,12,0.6363636363636364,0.5219123505976095,0.774869109947644,0.9523204068658614,2.5313492063492062,0.8353174603174603,0.03805412491048974,0.8361482339718985,0.6171875,0.27001953125,0.9166666666666666,1,0,0,True,outputs/iclr_spec_kv/qwen25_3b_15b/wikitext_ctx4096/summary.json
qwen25_3b_15b,Qwen2.5 3B/1.5B,wikitext_ctx4096,4096,wikitext,0,k4v8,K4 V8,12,0.3,0.20843672456575682,0.43010752688172044,0.4489510489510489,1.3132964257964257,0.574836506086506,0.2770956115839751,0.455656060317396,0.6171875,0.27001953125,0.8333333333333334,2,0,0,True,outputs/iclr_spec_kv/qwen25_3b_15b/wikitext_ctx4096/summary.json
qwen25_3b_15b,Qwen2.5 3B/1.5B,wikitext_ctx4096,4096,wikitext,0,k4v4,K4 V4,12,0.27019498607242337,0.19758962679988246,0.38333333333333336,0.4043477413950951,1.1753156565656566,0.5316287878787879,0.2762624044311041,0.45355155175925227,0.7421875,0.32470703125,0.9166666666666666,1,0,0,True,outputs/iclr_spec_kv/qwen25_3b_15b/wikitext_ctx4096/summary.json
qwen25_3b_15b,Qwen2.5 3B/1.5B,wikitext_ctx8192,8192,wikitext,0,none,BF16,4,0.6133333333333333,0.46153846153846156,0.75,1.0,2.4571428571428573,0.7803571428571429,0.044741737877068644,0.8177451642496245,0.0,0.0,1.0,0,0,0,True,outputs/iclr_spec_kv/qwen25_3b_15b/wikitext_ctx8192/summary.json
qwen25_3b_15b,Qwen2.5 3B/1.5B,wikitext_ctx8192,8192,wikitext,0,k8v4,K8 V4,4,0.5555555555555556,0.39215686274509803,0.8333333333333334,0.9057971014492755,2.2767857142857144,0.7232142857142857,0.04722731916159059,0.8145274083529199,0.6171875,0.27001953125,1.0,0,0,0,True,outputs/iclr_spec_kv/qwen25_3b_15b/wikitext_ctx8192/summary.json
qwen25_3b_15b,Qwen2.5 3B/1.5B,wikitext_ctx8192,8192,wikitext,0,k4v8,K4 V8,4,0.2956521739130435,0.20588235294117646,0.425531914893617,0.4820415879017014,1.2055555555555555,0.6388888888888888,0.21330500342689143,0.5347406857647001,0.6171875,0.27001953125,1.0,0,0,0,True,outputs/iclr_spec_kv/qwen25_3b_15b/wikitext_ctx8192/summary.json
qwen25_7b_3b,Qwen2.5 7B/3B,allocation_ctx1024,1024,wikitext,0,none,BF16,32,0.5694006309148265,0.5072669152342434,0.6377587710210987,1.0,2.2313492063492064,0.7924603174603174,0.05249402497328129,0.8092942039112723,0.0,0.0,0.75,8,0,0,True,outputs/iclr_spec_kv/qwen25_7b_3b/allocation_ctx1024/summary.json
qwen25_7b_3b,Qwen2.5 7B/3B,allocation_ctx1024,1024,wikitext,0,sensitivity_aware,Sensitivity-aware,32,0.5694006309148265,0.5036600549315493,0.6382252559726962,1.0,2.234623015873016,0.8063740079365079,0.051735795768283806,0.809825305225298,0.0822482638888889,0.03218410326086957,0.75,8,0,0,True,outputs/iclr_spec_kv/qwen25_7b_3b/allocation_ctx1024/summary.json
qwen25_7b_3b,Qwen2.5 7B/3B,wikitext_ctx1024,1024,wikitext,0,none,BF16,32,0.5694006309148265,0.5066269066325835,0.638705740654748,1.0,2.2313492063492064,0.7924603174603174,0.05249402497328129,0.8092942039112723,0.0,0.0,0.75,8,0,0,True,outputs/iclr_spec_kv/qwen25_7b_3b/wikitext_ctx1024/summary.json
qwen25_7b_3b,Qwen2.5 7B/3B,wikitext_ctx1024,1024,wikitext,0,k8v8,K8 V8,32,0.5583203732503889,0.4971008136282736,0.6298858148258614,0.9805404893095472,2.196974206349206,0.7955853174603175,0.05240666727143521,0.8097446473137964,0.4921875,0.19259510869565216,0.78125,7,0,0,True,outputs/iclr_spec_kv/qwen25_7b_3b/wikitext_ctx1024/summary.json
qwen25_7b_3b,Qwen2.5 7B/3B,wikitext_ctx1024,1024,wikitext,0,k8v4,K8 V4,32,0.5510835913312694,0.49137931034482757,0.6175997644127691,0.9678310163546393,2.148015873015873,0.7867311507936507,0.05333414968991794,0.807076435030571,0.6171875,0.24150815217391305,0.78125,7,0,0,True,outputs/iclr_spec_kv/qwen25_7b_3b/wikitext_ctx1024/summary.json
qwen25_7b_3b,Qwen2.5 7B/3B,wikitext_ctx1024,1024,wikitext,0,k4v8,K4 V8,32,0.4259501965923984,0.37347526110302065,0.4843315972222222,0.7480676582813867,1.721398133116883,0.689425505050505,0.10547398811471988,0.7098952939338966,0.6171875,0.24150815217391305,0.78125,6,1,0,False,outputs/iclr_spec_kv/qwen25_7b_3b/wikitext_ctx1024/summary.json
qwen25_7b_3b,Qwen2.5 7B/3B,wikitext_ctx1024,1024,wikitext,0,k4v4,K4 V4,32,0.42706964520367935,0.3734793187347932,0.48703170028818443,0.7500336705239133,1.7279265873015872,0.7008184523809524,0.11089401282669394,0.699707734865822,0.7421875,0.2904211956521739,0.8125,5,1,0,False,outputs/iclr_spec_kv/qwen25_7b_3b/wikitext_ctx1024/summary.json
qwen25_7b_3b,Qwen2.5 7B/3B,wikitext_ctx4096,4096,wikitext,0,none,BF16,12,0.6619718309859155,0.5387755102040817,0.8142076502732241,1.0,2.5371031746031747,0.8740079365079364,0.030507665774922994,0.8656057050126412,0.0,0.0,0.8333333333333334,2,0,0,True,outputs/iclr_spec_kv/qwen25_7b_3b/wikitext_ctx4096/summary.json
qwen25_7b_3b,Qwen2.5 7B/3B,wikitext_ctx4096,4096,wikitext,0,k8v8,K8 V8,12,0.6619718309859155,0.5428571428571428,0.8142076502732241,1.0,2.5371031746031747,0.8948412698412698,0.028367100562141673,0.8736588944814034,0.4921875,0.19259510869565216,0.8333333333333334,2,0,0,True,outputs/iclr_spec_kv/qwen25_7b_3b/wikitext_ctx4096/summary.json
qwen25_7b_3b,Qwen2.5 7B/3B,wikitext_ctx4096,4096,wikitext,0,k8v4,K8 V4,12,0.6619718309859155,0.5413138463622815,0.8142076502732241,1.0,2.5371031746031747,0.8948412698412698,0.027627339629885856,0.8741404988462963,0.6171875,0.24150815217391305,0.8333333333333334,2,0,0,True,outputs/iclr_spec_kv/qwen25_7b_3b/wikitext_ctx4096/summary.json
qwen25_7b_3b,Qwen2.5 7B/3B,wikitext_ctx4096,4096,wikitext,0,k4v8,K4 V8,12,0.50199203187251,0.40714285714285714,0.6171171171171171,0.7583283885733662,1.9361111111111111,0.7333333333333334,0.1370910247888484,0.6542409359839642,0.6171875,0.24150815217391305,0.8333333333333334,2,0,0,True,outputs/iclr_spec_kv/qwen25_7b_3b/wikitext_ctx4096/summary.json
qwen25_7b_3b,Qwen2.5 7B/3B,wikitext_ctx4096,4096,wikitext,0,k4v4,K4 V4,12,0.4606741573033708,0.36789297658862874,0.5782724329324698,0.6959120248625389,1.790112433862434,0.7131283068783069,0.14023797046342532,0.6563250398911319,0.7421875,0.2904211956521739,0.75,3,0,0,True,outputs/iclr_spec_kv/qwen25_7b_3b/wikitext_ctx4096/summary.json
qwen3_8b_4b,Qwen3 8B/4B,allocation_ctx1024,1024,wikitext,0,none,BF16,32,0.6586206896551724,0.5980707395498392,0.7267700860094102,1.0,2.5773065476190475,0.8594494047619048,0.06319104611973757,0.8035058080878419,0.0,0.0,0.8125,6,0,0,True,outputs/iclr_spec_kv/qwen3_8b_4b/allocation_ctx1024/summary.json
qwen3_8b_4b,Qwen3 8B/4B,allocation_ctx1024,1024,wikitext,0,sensitivity_aware,Sensitivity-aware,32,0.625,0.5567484662576687,0.6990990990990991,0.9489528795811518,2.455952380952381,0.8522321428571429,0.059842252743941,0.8054738174889713,0.1296875,0.049879807692307696,0.84375,5,0,0,True,outputs/iclr_spec_kv/qwen3_8b_4b/allocation_ctx1024/summary.json
qwen3_8b_4b,Qwen3 8B/4B,wikitext_ctx1024,1024,wikitext,0,none,BF16,32,0.6586206896551724,0.5987079935794543,0.7259303513071895,1.0,2.5773065476190475,0.8594494047619048,0.06319104611973757,0.8035058080878419,0.0,0.0,0.8125,6,0,0,True,outputs/iclr_spec_kv/qwen3_8b_4b/wikitext_ctx1024/summary.json
qwen3_8b_4b,Qwen3 8B/4B,wikitext_ctx1024,1024,wikitext,0,k8v8,K8 V8,32,0.6368243243243243,0.5721003134796239,0.7087912087912088,0.9669060421678223,2.4992559523809526,0.8406994047619047,0.0621203301133861,0.8061990258971318,0.4875,0.1875,0.8125,6,0,0,True,outputs/iclr_spec_kv/qwen3_8b_4b/wikitext_ctx1024/summary.json
qwen3_8b_4b,Qwen3 8B/4B,wikitext_ctx1024,1024,wikitext,0,k8v4,K8 V4,32,0.6506849315068494,0.580843935675536,0.7271028037383177,0.9879509431255828,2.5815848214285713,0.8601934523809524,0.06415066247824912,0.8006820562987178,0.6125,0.23557692307692307,0.8125,6,0,0,True,outputs/iclr_spec_kv/qwen3_8b_4b/wikitext_ctx1024/summary.json
qwen3_8b_4b,Qwen3 8B/4B,wikitext_ctx1024,1024,wikitext,0,k4v8,K4 V8,32,0.5416036308623298,0.47331301729319836,0.6175557376959752,0.8223301201574641,2.208953373015873,0.8124503968253969,0.08951465424054372,0.7617329277185375,0.6125,0.23557692307692307,0.78125,7,0,0,True,outputs/iclr_spec_kv/qwen3_8b_4b/wikitext_ctx1024/summary.json
qwen3_8b_4b,Qwen3 8B/4B,wikitext_ctx1024,1024,wikitext,0,k4v4,K4 V4,32,0.5276532137518685,0.4570229814696271,0.6108396812710012,0.8011488585761354,2.152219742063492,0.8085069444444445,0.08920087191845563,0.7603536502833906,0.7375,0.28365384615384615,0.78125,7,0,0,True,outputs/iclr_spec_kv/qwen3_8b_4b/wikitext_ctx1024/summary.json
qwen3_8b_4b,Qwen3 8B/4B,wikitext_ctx4096,4096,wikitext,0,none,BF16,12,0.6513761467889908,0.532520325203252,0.8010752688172043,1.0,2.540079365079365,0.846031746031746,0.03728193148060312,0.8591475414378302,0.0,0.0,1.0,0,0,0,True,outputs/iclr_spec_kv/qwen3_8b_4b/wikitext_ctx4096/summary.json
qwen3_8b_4b,Qwen3 8B/4B,wikitext_ctx4096,4096,wikitext,0,k8v8,K8 V8,12,0.6574074074074074,0.5409836065573771,0.8042328042328042,1.0092592592592593,2.5571428571428574,0.8420634920634921,0.037787687943713476,0.8570687980760657,0.4875,0.1875,1.0,0,0,0,True,outputs/iclr_spec_kv/qwen3_8b_4b/wikitext_ctx4096/summary.json
qwen3_8b_4b,Qwen3 8B/4B,wikitext_ctx4096,4096,wikitext,0,k8v4,K8 V4,12,0.6380090497737556,0.5296442687747036,0.7731958762886598,0.9794786820470333,2.4863095238095236,0.8253968253968255,0.04060836191745834,0.8526769703224538,0.6125,0.23557692307692307,1.0,0,0,0,True,outputs/iclr_spec_kv/qwen3_8b_4b/wikitext_ctx4096/summary.json
qwen3_8b_4b,Qwen3 8B/4B,wikitext_ctx4096,4096,wikitext,0,k4v8,K4 V8,12,0.49624060150375937,0.40327868852459015,0.6043678857995891,0.7618341628719686,2.002149470899471,0.7784060846560846,0.06610994534070688,0.7938891008934844,0.6125,0.23557692307692307,1.0,0,0,0,True,outputs/iclr_spec_kv/qwen3_8b_4b/wikitext_ctx4096/summary.json
qwen3_8b_4b,Qwen3 8B/4B,wikitext_ctx4096,4096,wikitext,0,k4v4,K4 V4,12,0.48880597014925375,0.3980263157894737,0.601752414252414,0.7504204330460374,1.9549272486772484,0.7534060846560847,0.07542254375788696,0.7722255167753372,0.7375,0.28365384615384615,1.0,0,0,0,True,outputs/iclr_spec_kv/qwen3_8b_4b/wikitext_ctx4096/summary.json
smollm2_17b_360m,SmolLM2 1.7B/360M,allocation_ctx1024,1024,wikitext,0,none,BF16,32,0.4794326241134752,0.42317584284658344,0.5419911820921424,1.0,1.8806051587301587,0.7561631944444445,0.07442202467617255,0.7503318748965356,0.0,0.0,0.75,7,1,0,False,outputs/iclr_spec_kv/smollm2_17b_360m/allocation_ctx1024/summary.json
smollm2_17b_360m,SmolLM2 1.7B/360M,allocation_ctx1024,1024,wikitext,0,sensitivity_aware,Sensitivity-aware,32,0.4654696132596685,0.4128133159268929,0.5261584454409567,0.9708759684854033,1.8151289682539682,0.7396081349206349,0.07885525268134441,0.7416186234714197,0.168212890625,0.029002222521551723,0.71875,8,1,0,False,outputs/iclr_spec_kv/smollm2_17b_360m/allocation_ctx1024/summary.json
smollm2_17b_360m,SmolLM2 1.7B/360M,wikitext_ctx1024,1024,wikitext,0,none,BF16,32,0.4794326241134752,0.4246031746031746,0.5467075038284839,1.0,1.8806051587301587,0.7561631944444445,0.07442202467617255,0.7503318748965356,0.0,0.0,0.75,7,1,0,False,outputs/iclr_spec_kv/smollm2_17b_360m/wikitext_ctx1024/summary.json
smollm2_17b_360m,SmolLM2 1.7B/360M,wikitext_ctx1024,1024,wikitext,0,k8v8,K8 V8,32,0.469187675070028,0.41414901238799057,0.5320121951219512,0.9786310974093779,1.8343253968253967,0.743812003968254,0.07744609024411696,0.7453837528763827,0.484375,0.08351293103448276,0.78125,6,1,0,False,outputs/iclr_spec_kv/smollm2_17b_360m/wikitext_ctx1024/summary.json
smollm2_17b_360m,SmolLM2 1.7B/360M,wikitext_ctx1024,1024,wikitext,0,k8v4,K8 V4,32,0.48714285714285716,0.4312169312169312,0.5521512505899009,1.0160819949281488,1.9134920634920636,0.754749503968254,0.07456936019430717,0.7505067844690371,0.609375,0.1050646551724138,0.75,7,1,0,False,outputs/iclr_spec_kv/smollm2_17b_360m/wikitext_ctx1024/summary.json
smollm2_17b_360m,SmolLM2 1.7B/360M,wikitext_ctx1024,1024,wikitext,0,k4v8,K4 V8,32,0.39027431421446385,0.32954545454545453,0.45714285714285713,0.8140337027254348,1.592631934038184,0.6808891629204129,0.09620294527846962,0.7072482984341504,0.609375,0.1050646551724138,0.84375,5,0,0,True,outputs/iclr_spec_kv/smollm2_17b_360m/wikitext_ctx1024/summary.json
smollm2_17b_360m,SmolLM2 1.7B/360M,wikitext_ctx1024,1024,wikitext,0,k4v4,K4 V4,32,0.3883374689826303,0.3261608154020385,0.45879403131115454,0.809993833233001,1.6295510912698412,0.7057291666666666,0.09413581334192135,0.7119649701053277,0.734375,0.12661637931034483,0.84375,5,0,0,True,outputs/iclr_spec_kv/smollm2_17b_360m/wikitext_ctx1024/summary.json
smollm2_17b_360m,SmolLM2 1.7B/360M,wikitext_ctx4096,4096,wikitext,0,none,BF16,12,0.375,0.29479689167024953,0.47253246753246747,1.0,1.5137235449735449,0.6833664021164022,0.07906184841611696,0.7324191421157035,0.0,0.0,0.5833333333333334,5,0,0,True,outputs/iclr_spec_kv/smollm2_17b_360m/wikitext_ctx4096/summary.json
smollm2_17b_360m,SmolLM2 1.7B/360M,wikitext_ctx4096,4096,wikitext,0,k8v8,K8 V8,12,0.36163522012578614,0.29428571428571426,0.4452296819787986,0.9643605870020964,1.4426917989417989,0.6550925925925926,0.0788269744301923,0.7325145901717915,0.484375,0.08351293103448276,0.5,6,0,0,True,outputs/iclr_spec_kv/smollm2_17b_360m/wikitext_ctx4096/summary.json
smollm2_17b_360m,SmolLM2 1.7B/360M,wikitext_ctx4096,4096,wikitext,0,k8v4,K8 V4,12,0.3682539682539683,0.29629112352576037,0.4548736462093863,0.9820105820105821,1.4764219576719577,0.6650132275132276,0.07841451925148717,0.7355010008104342,0.609375,0.1050646551724138,0.5,6,0,0,True,outputs/iclr_spec_kv/smollm2_17b_360m/wikitext_ctx4096/summary.json
smollm2_17b_360m,SmolLM2 1.7B/360M,wikitext_ctx4096,4096,wikitext,0,k4v8,K4 V8,12,0.3264094955489614,0.2572159730033746,0.40816326530612246,0.8704253214638972,1.3179743867243867,0.630203823953824,0.10829636351971263,0.6795523252499439,0.609375,0.1050646551724138,0.5,6,0,0,True,outputs/iclr_spec_kv/smollm2_17b_360m/wikitext_ctx4096/summary.json
smollm2_17b_360m,SmolLM2 1.7B/360M,wikitext_ctx4096,4096,wikitext,0,k4v4,K4 V4,12,0.32448377581120946,0.26190164547494393,0.40131578947368424,0.8652900688298919,1.3189003126503127,0.6186297498797498,0.10564047066336112,0.6801889215148501,0.734375,0.12661637931034483,0.5,6,0,0,True,outputs/iclr_spec_kv/smollm2_17b_360m/wikitext_ctx4096/summary.json
