alpha,perturb_target,layer_spec,num_examples,kl_p_to_q,kl_q_to_p,js,tv,accept_mass,top1_match,top5_overlap,draft_prob_on_target_top1,target_prob_on_target_top1,gen_exact_match,gen_prefix_match_len
0.0,keys,layer_0,32,7.974449545145035e-09,7.974449545145035e-09,-3.4994506316159135e-09,0.0,1.0000002104789019,1.0,1.0,0.6265926496125758,0.6265926496125758,1.0,16.0
0.01,keys,layer_0,32,0.0011374064126243866,0.001161598792748464,0.00028673101586207395,0.01272765891326344,0.9872725531458855,1.0,0.9625000022351742,0.6273097242228687,0.6265926496125758,0.875,14.90625
0.03,keys,layer_0,32,1.1442035169093288,2.053563051247693,0.17273612095777935,0.33332388419876224,0.6666763842076762,0.65625,0.6562500079162419,0.4348287526408967,0.6265926496125758,0.0,2.75
0.1,keys,layer_0,32,4.947010095231235,6.939156269654632,0.5181350648635998,0.8434227714315057,0.15657753511095507,0.15625,0.20000000623986125,0.06346302388009573,0.6265926496125758,0.0,0.15625
0.0,values,layer_0,32,7.974449545145035e-09,7.974449545145035e-09,-3.4994506316159135e-09,0.0,1.0000002104789019,1.0,1.0,0.6265926496125758,0.6265926496125758,1.0,16.0
0.01,values,layer_0,32,0.0008484941035931115,0.0008372511313723408,0.00021059447784921304,0.011128892519082001,0.9888713322579861,1.0,0.993750000372529,0.6284182067029178,0.6265926496125758,0.84375,14.6875
0.03,values,layer_0,32,0.0006874004579344728,0.0006824979625434935,0.00017113597577633755,0.01030964156848313,0.9896905571222305,1.0,0.993750000372529,0.6271370204631239,0.6265926496125758,0.84375,14.78125
0.1,values,layer_0,32,0.0006859924730235889,0.000682641349470714,0.00017096358632784359,0.009491214316312835,0.9905089996755123,1.0,1.0,0.624787813751027,0.6265926496125758,0.78125,14.59375
0.0,keys,layer_1,32,7.974449545145035e-09,7.974449545145035e-09,-3.4994506316159135e-09,0.0,1.0000002104789019,1.0,1.0,0.6265926496125758,0.6265926496125758,1.0,16.0
0.01,keys,layer_1,32,0.0006927430057004358,0.000688318743527816,0.00017256000233700775,0.010382982017858922,0.9896172266453505,1.0,0.9875000007450581,0.629414412425831,0.6265926496125758,0.78125,14.40625
0.03,keys,layer_1,32,0.0008182830119949358,0.000806733849600505,0.000202919396780743,0.010309718522421463,0.9896905031055212,1.0,1.0,0.6280882770661265,0.6265926496125758,0.84375,14.9375
0.1,keys,layer_1,32,0.0031578831895444637,0.003189222115679513,0.0007830615449790912,0.01716456180656678,0.982835628092289,1.0,0.9500000029802322,0.6263028774410486,0.6265926496125758,0.75,14.34375
0.0,values,layer_1,32,7.974449545145035e-09,7.974449545145035e-09,-3.4994506316159135e-09,0.0,1.0000002104789019,1.0,1.0,0.6265926496125758,0.6265926496125758,1.0,16.0
0.01,values,layer_1,32,0.0006966769871468159,0.000695615982422737,0.00017395964945876585,0.010824006080838444,0.9891762118786573,1.0,0.9875000007450581,0.6281712295021862,0.6265926496125758,0.90625,15.3125
0.03,values,layer_1,32,0.0006550896944759188,0.0006503635596644131,0.0001631115129576699,0.010016395939544509,0.9899838361889124,1.0,0.9875000007450581,0.627710817148909,0.6265926496125758,0.8125,14.625
0.1,values,layer_1,32,0.0007763079784126603,0.0007717017095387746,0.0001933971674645818,0.010863600997026879,0.9891366418451071,1.0,0.993750000372529,0.6281790295615792,0.6265926496125758,0.78125,14.625
0.0,keys,layer_10,32,7.974449545145035e-09,7.974449545145035e-09,-3.4994506316159135e-09,0.0,1.0000002104789019,1.0,1.0,0.6265926496125758,0.6265926496125758,1.0,16.0
0.01,keys,layer_10,32,0.000440505613340747,0.0004363196374299605,0.00010954990509759455,0.006861894740154639,0.9931383486837149,1.0,0.993750000372529,0.6290376135148108,0.6265926496125758,0.78125,14.59375
0.03,keys,layer_10,32,0.0005995481147351711,0.0005985072783687428,0.0001497043586766722,0.009095580983398577,0.9909046292304993,1.0,0.9875000007450581,0.6257567689754069,0.6265926496125758,0.875,15.34375
0.1,keys,layer_10,32,0.0011272110039044492,0.0011372077877922493,0.00028265578211517095,0.012373486526485067,0.9876267239451408,1.0,0.993750000372529,0.6234199858736247,0.6265926496125758,0.84375,15.21875
0.0,values,layer_10,32,7.974449545145035e-09,7.974449545145035e-09,-3.4994506316159135e-09,0.0,1.0000002104789019,1.0,1.0,0.6265926496125758,0.6265926496125758,1.0,16.0
0.01,values,layer_10,32,0.0005180373316875375,0.0005164973280216145,0.00012925545406261563,0.008434009774191509,0.9915661960840225,1.0,0.9812500011175871,0.627858083229512,0.6265926496125758,0.90625,15.625
0.03,values,layer_10,32,0.0005888344054199024,0.0005862777381366868,0.00014682925824516246,0.009174472375661935,0.9908257462084293,1.0,0.9875000007450581,0.6272977194748819,0.6265926496125758,0.9375,15.53125
0.1,values,layer_10,32,0.0007794781977281673,0.0007768888778798555,0.0001944483342342096,0.010918893887264858,0.9890813287347555,1.0,0.993750000372529,0.6281393319368362,0.6265926496125758,0.8125,14.625
0.0,keys,layer_11,32,7.974449545145035e-09,7.974449545145035e-09,-3.4994506316159135e-09,0.0,1.0000002104789019,1.0,1.0,0.6265926496125758,0.6265926496125758,1.0,16.0
0.01,keys,layer_11,32,0.0004854169282566545,0.00048130974272453386,0.00012078311804231134,0.0077139399504631,0.9922862723469734,1.0,0.993750000372529,0.6286243593785912,0.6265926496125758,0.875,14.90625
0.03,keys,layer_11,32,0.0006503100804593487,0.000648374906859317,0.0001622596089561057,0.010348685833378113,0.9896515421569347,1.0,0.993750000372529,0.6276684945914894,0.6265926496125758,0.90625,15.5
0.1,keys,layer_11,32,0.0008167808007613075,0.0008128275009653407,0.00020358143858345557,0.011188831931576715,0.9888113755732775,1.0,0.9750000014901161,0.629084462299943,0.6265926496125758,0.8125,14.375
0.0,values,layer_11,32,7.974449545145035e-09,7.974449545145035e-09,-3.4994506316159135e-09,0.0,1.0000002104789019,1.0,1.0,0.6265926496125758,0.6265926496125758,1.0,16.0
0.01,values,layer_11,32,0.0005253648867835636,0.000525899967527721,0.00013134736084907672,0.007861179397536944,0.992139033973217,1.0,0.9875000007450581,0.626440322957933,0.6265926496125758,0.8125,14.96875
0.03,values,layer_11,32,0.000530098146043656,0.0005309931837942372,0.00013257958058154884,0.008400036127682142,0.9916001763194799,1.0,0.9875000007450581,0.6272470662370324,0.6265926496125758,0.78125,14.78125
0.1,values,layer_11,32,0.0005421002036030131,0.0005401441727030942,0.0001352300223658176,0.008267264378218897,0.9917329456657171,1.0,0.9875000007450581,0.6275664316490293,0.6265926496125758,0.8125,14.96875
0.0,keys,layer_12,32,7.974449545145035e-09,7.974449545145035e-09,-3.4994506316159135e-09,0.0,1.0000002104789019,1.0,1.0,0.6265926496125758,0.6265926496125758,1.0,16.0
0.01,keys,layer_12,32,0.0005062045223098721,0.000501927253537815,0.00012595054644748416,0.007628481692336209,0.9923717528581619,1.0,0.9875000007450581,0.6289386220742017,0.6265926496125758,0.78125,13.875
0.03,keys,layer_12,32,0.0006298392661960861,0.0006300033808486205,0.00015742308721655718,0.009714860033682271,0.9902853760868311,1.0,0.993750000372529,0.6261084608267993,0.6265926496125758,0.875,15.21875
0.1,keys,layer_12,32,0.0006576703766540959,0.0006506392427354513,0.0001634381253978745,0.008753349113248987,0.9912468586117029,1.0,0.9750000014901161,0.6286637207958847,0.6265926496125758,0.8125,14.625
0.0,values,layer_12,32,7.974449545145035e-09,7.974449545145035e-09,-3.4994506316159135e-09,0.0,1.0000002104789019,1.0,1.0,0.6265926496125758,0.6265926496125758,1.0,16.0
0.01,values,layer_12,32,0.0005396032848210552,0.0005387709651500927,0.00013474062296481293,0.008685992177333901,0.9913142174482346,1.0,0.9875000007450581,0.6272132787853479,0.6265926496125758,0.84375,14.71875
0.03,values,layer_12,32,0.000520170021843569,0.0005180266348361329,0.00012971696783381503,0.008230951611267301,0.9917692728340626,1.0,0.993750000372529,0.6279603848233819,0.6265926496125758,0.78125,14.46875
0.1,values,layer_12,32,0.0006001320373343333,0.0005986067699836894,0.00014977490231871116,0.00883516588578459,0.9911650344729424,1.0,0.993750000372529,0.6262711577583104,0.6265926496125758,0.875,15.25
0.0,keys,layer_13,32,7.974449545145035e-09,7.974449545145035e-09,-3.4994506316159135e-09,0.0,1.0000002104789019,1.0,1.0,0.6265926496125758,0.6265926496125758,1.0,16.0
0.01,keys,layer_13,32,0.0006229213420567703,0.0006234904785173967,0.00015574339955293226,0.009554977384368613,0.9904452078044415,1.0,0.9812500011175871,0.6274700071662664,0.6265926496125758,0.84375,15.125
0.03,keys,layer_13,32,0.0006168229917022927,0.0006187337764060885,0.00015436671061763718,0.009268732583223027,0.9907314609736204,1.0,0.993750000372529,0.6274119410663843,0.6265926496125758,0.9375,15.71875
0.1,keys,layer_13,32,0.0008640897953569038,0.0008627832720833339,0.00021567696943947112,0.011506327575489195,0.9884939081966877,1.0,0.9875000007450581,0.6267691124230623,0.6265926496125758,0.8125,14.59375
0.0,values,layer_13,32,7.974449545145035e-09,7.974449545145035e-09,-3.4994506316159135e-09,0.0,1.0000002104789019,1.0,1.0,0.6265926496125758,0.6265926496125758,1.0,16.0
0.01,values,layer_13,32,0.0004382524485038175,0.00043651802901933934,0.00010928558847211889,0.006655810185463906,0.9933444038033485,1.0,1.0,0.6280580689199269,0.6265926496125758,0.75,14.25
0.03,values,layer_13,32,0.0004529110080824239,0.00045427220857163775,0.00011334665252249465,0.007275620432665164,0.9927246123552322,1.0,0.9812500011175871,0.6262723251711577,0.6265926496125758,0.78125,13.8125
0.1,values,layer_13,32,0.0006806812209276814,0.0006805177424666908,0.00017005310900231052,0.009886133525924379,0.9901141040027142,1.0,0.993750000372529,0.6268005033489317,0.6265926496125758,0.875,14.84375
0.0,keys,layer_14,32,7.974449545145035e-09,7.974449545145035e-09,-3.4994506316159135e-09,0.0,1.0000002104789019,1.0,1.0,0.6265926496125758,0.6265926496125758,1.0,16.0
0.01,keys,layer_14,32,0.0005074515921705824,0.0005045464594388704,0.00012644389495619635,0.007981783784998697,0.9920184761285782,1.0,0.993750000372529,0.6275164328981191,0.6265926496125758,0.84375,14.8125
0.03,keys,layer_14,32,0.0006949604622263905,0.0006962520695878993,0.0001738335127612345,0.010288573067327889,0.989711644127965,1.0,0.9875000007450581,0.6275440340396017,0.6265926496125758,0.875,15.0625
0.1,keys,layer_14,32,0.0007295461567196071,0.0007268509165783144,0.00018195079680793924,0.010766897912617424,0.9892333187162876,1.0,0.9812500011175871,0.626483224099502,0.6265926496125758,0.6875,13.1875
0.0,values,layer_14,32,7.974449545145035e-09,7.974449545145035e-09,-3.4994506316159135e-09,0.0,1.0000002104789019,1.0,1.0,0.6265926496125758,0.6265926496125758,1.0,16.0
0.01,values,layer_14,32,0.0006007563747836286,0.0006007688405773592,0.00015010574647655872,0.008711474187208523,0.9912887513637543,1.0,0.993750000372529,0.6271941757295281,0.6265926496125758,0.875,15.0
0.03,values,layer_14,32,0.0007382222598550925,0.00073750455092636,0.00018438739551029926,0.011429621906927423,0.9885705895721912,1.0,1.0,0.6278431797400117,0.6265926496125758,0.75,14.0
0.1,values,layer_14,32,0.0008487299997916864,0.0008511719767270165,0.00021235288214604964,0.010584827504999339,0.9894153960049152,1.0,0.993750000372529,0.6262741754762828,0.6265926496125758,0.78125,14.46875
0.0,keys,layer_15,32,7.974449545145035e-09,7.974449545145035e-09,-3.4994506316159135e-09,0.0,1.0000002104789019,1.0,1.0,0.6265926496125758,0.6265926496125758,1.0,16.0
0.01,keys,layer_15,32,0.0007018110962349056,0.000698344323893707,0.00017494321227928822,0.010535283194371914,0.989464933052659,1.0,1.0,0.6280598733574152,0.6265926496125758,0.8125,14.75
0.03,keys,layer_15,32,0.000879905227634481,0.0008812406877609646,0.00022002028481438174,0.012091255472569173,0.9879089761525393,1.0,0.9750000014901161,0.6259915379341692,0.6265926496125758,0.8125,14.21875
0.1,keys,layer_15,32,0.003975791654625027,0.0039259619670701795,0.000983436136692717,0.024007551033264463,0.9759927149862051,0.96875,0.9750000014901161,0.62540667434223,0.6265926496125758,0.53125,11.34375
0.0,values,layer_15,32,7.974449545145035e-09,7.974449545145035e-09,-3.4994506316159135e-09,0.0,1.0000002104789019,1.0,1.0,0.6265926496125758,0.6265926496125758,1.0,16.0
0.01,values,layer_15,32,0.0004700170240994339,0.000470332564191267,0.00011749165048513532,0.00742401966408579,0.992576215416193,1.0,0.993750000372529,0.6253171570133418,0.6265926496125758,0.8125,14.34375
0.03,values,layer_15,32,0.0005321621306961788,0.0005301607822048027,0.0001327290877526366,0.007980392311537798,0.9920198265463114,1.0,0.993750000372529,0.6277053595986217,0.6265926496125758,0.875,15.125
0.1,values,layer_15,32,0.0008913546617748125,0.0008916501962517032,0.0002227715571549993,0.012399835371752488,0.9876003991812468,1.0,0.9812500011175871,0.6266603711992502,0.6265926496125758,0.8125,14.875
0.0,keys,layer_16,32,7.974449545145035e-09,7.974449545145035e-09,-3.4994506316159135e-09,0.0,1.0000002104789019,1.0,1.0,0.6265926496125758,0.6265926496125758,1.0,16.0
0.01,keys,layer_16,32,0.0005290328845859449,0.0005234485987131166,0.00013150038270026698,0.007844925358767796,0.9921553060412407,1.0,0.993750000372529,0.6299086220096797,0.6265926496125758,0.84375,14.90625
0.03,keys,layer_16,32,0.00041863877238768055,0.00041748553471165906,0.0001044663908142951,0.006566942257450137,0.9934332966804504,1.0,0.9875000007450581,0.6272284931037575,0.6265926496125758,0.84375,14.84375
0.1,keys,layer_16,32,0.0007030860237478009,0.0007012462080808746,0.00017545772155358463,0.01024836467422574,0.9897518623620272,1.0,0.9750000014901161,0.6276840826030821,0.6265926496125758,0.8125,14.59375
0.0,values,layer_16,32,7.974449545145035e-09,7.974449545145035e-09,-3.4994506316159135e-09,0.0,1.0000002104789019,1.0,1.0,0.6265926496125758,0.6265926496125758,1.0,16.0
0.01,values,layer_16,32,0.0004871704078652783,0.0004879984654451164,0.00012183934421017284,0.0073192496543015295,0.9926809538155794,1.0,1.0,0.6270682618487626,0.6265926496125758,0.875,14.90625
0.03,values,layer_16,32,0.0006670016037730875,0.0006690433676226348,0.00016694009910622754,0.009645216270428136,0.9903550110757351,1.0,0.9875000007450581,0.6245179970283061,0.6265926496125758,0.84375,14.84375
0.1,values,layer_16,32,0.0006875846121943141,0.0006825663686811367,0.00017117810338618256,0.009666109845397841,0.9903341121971607,1.0,0.9875000007450581,0.6279193593654782,0.6265926496125758,0.9375,15.46875
0.0,keys,layer_17,32,7.974449545145035e-09,7.974449545145035e-09,-3.4994506316159135e-09,0.0,1.0000002104789019,1.0,1.0,0.6265926496125758,0.6265926496125758,1.0,16.0
0.01,keys,layer_17,32,0.0005193576346513851,0.0005174592616583595,0.00012954193550918092,0.007843171694844386,0.992157069966197,1.0,0.9812500011175871,0.6266562084201723,0.6265926496125758,0.8125,14.78125
0.03,keys,layer_17,32,0.0005448534367502589,0.000544388573047172,0.0001361131288319939,0.008887504345238995,0.9911127127707005,1.0,0.9812500011175871,0.6258175747934729,0.6265926496125758,0.78125,14.6875
0.1,keys,layer_17,32,0.0012207421722223444,0.0012677393068543097,0.00031032069684044927,0.01274890230024539,0.9872513022273779,1.0,0.9875000007450581,0.6246961911674589,0.6265926496125758,0.71875,13.53125
0.0,values,layer_17,32,7.974449545145035e-09,7.974449545145035e-09,-3.4994506316159135e-09,0.0,1.0000002104789019,1.0,1.0,0.6265926496125758,0.6265926496125758,1.0,16.0
0.01,values,layer_17,32,0.0005599232062678539,0.0005596746393052854,0.00013989083667098612,0.008767582211248737,0.9912326484918594,1.0,0.9875000007450581,0.6270624042954296,0.6265926496125758,0.875,15.15625
0.03,values,layer_17,32,0.0005256455864994791,0.0005233349916551333,0.00013106021684095026,0.007728248414423433,0.9922719709575176,1.0,0.9875000007450581,0.6255874729249626,0.6265926496125758,0.90625,15.46875
0.1,values,layer_17,32,0.0009426088327018078,0.0009381852428305137,0.0002349366152714083,0.012973525257621077,0.9870267044752836,1.0,0.9812500011175871,0.6261979090049863,0.6265926496125758,0.6875,13.5
0.0,keys,layer_18,32,7.974449545145035e-09,7.974449545145035e-09,-3.4994506316159135e-09,0.0,1.0000002104789019,1.0,1.0,0.6265926496125758,0.6265926496125758,1.0,16.0
0.01,keys,layer_18,32,0.00042242938198455704,0.0004200484111080982,0.00010526299194779654,0.007003235445154132,0.9929969664663076,1.0,0.9875000007450581,0.62689363444224,0.6265926496125758,0.84375,14.90625
0.03,keys,layer_18,32,0.0007238151733872655,0.0007247168082784583,0.00018096603621842178,0.00986791610785076,0.9901323076337576,1.0,0.9750000014901161,0.6276510446332395,0.6265926496125758,0.8125,14.65625
0.1,keys,layer_18,32,0.0013728285327374579,0.001313948798312481,0.0003343616111957104,0.013147584359728626,0.9868526440113783,1.0,0.9875000007450581,0.6310006130952388,0.6265926496125758,0.71875,13.65625
0.0,values,layer_18,32,7.974449545145035e-09,7.974449545145035e-09,-3.4994506316159135e-09,0.0,1.0000002104789019,1.0,1.0,0.6265926496125758,0.6265926496125758,1.0,16.0
0.01,values,layer_18,32,0.000537318381148566,0.0005345176422508757,0.00013392590448901842,0.00879537524792795,0.9912048298865557,1.0,0.993750000372529,0.6279951762408018,0.6265926496125758,0.90625,15.21875
0.03,values,layer_18,32,0.0004980676200005973,0.0004958956826044414,0.00012419469013025264,0.00793254174982394,0.9920676872134209,1.0,0.9875000007450581,0.6275494426954538,0.6265926496125758,0.90625,14.96875
0.1,values,layer_18,32,0.0006536253301554495,0.0006477053971316593,0.00016259204944191197,0.009948285334303364,0.9900519251823425,1.0,0.9750000014901161,0.6305803344585001,0.6265926496125758,0.75,13.4375
0.0,keys,layer_19,32,7.974449545145035e-09,7.974449545145035e-09,-3.4994506316159135e-09,0.0,1.0000002104789019,1.0,1.0,0.6265926496125758,0.6265926496125758,1.0,16.0
0.01,keys,layer_19,32,0.00047167802412673154,0.00047145091212996704,0.00011784067189068992,0.007190772261537859,0.9928094577044249,1.0,0.9812500011175871,0.627534580649808,0.6265926496125758,0.90625,15.40625
0.03,keys,layer_19,32,0.0005060658108959615,0.000503050250955539,0.00012607868211134132,0.007846280550211304,0.9921539667993784,1.0,0.9812500011175871,0.6277398322708905,0.6265926496125758,0.8125,14.84375
0.1,keys,layer_19,32,0.0011338739628854455,0.0011450323663666495,0.00028424603829080297,0.01171080014501058,0.9882894214242697,0.96875,0.9750000014901161,0.6267680847086012,0.6265926496125758,0.78125,14.28125
0.0,values,layer_19,32,7.974449545145035e-09,7.974449545145035e-09,-3.4994506316159135e-09,0.0,1.0000002104789019,1.0,1.0,0.6265926496125758,0.6265926496125758,1.0,16.0
0.01,values,layer_19,32,0.0005176431775488766,0.0005133979623117568,0.00012881152428256826,0.008406713971282898,0.9915934950113297,1.0,0.9875000007450581,0.6261058582458645,0.6265926496125758,0.84375,14.9375
0.03,values,layer_19,32,0.0005093799465498705,0.0005068962625500717,0.00012697849972909125,0.0080964001135726,0.9919038191437721,1.0,0.993750000372529,0.6270814882591367,0.6265926496125758,0.8125,14.6875
0.1,values,layer_19,32,0.0017031765027013535,0.0016898889489311841,0.0004236285600569545,0.017147611478321778,0.982852628454566,1.0,0.9750000014901161,0.6308303833939135,0.6265926496125758,0.75,14.03125
0.0,keys,layer_2,32,7.974449545145035e-09,7.974449545145035e-09,-3.4994506316159135e-09,0.0,1.0000002104789019,1.0,1.0,0.6265926496125758,0.6265926496125758,1.0,16.0
0.01,keys,layer_2,32,0.0006212426580702868,0.0006233882198500851,0.00015551014716663758,0.009698531635706331,0.9903016909956932,1.0,1.0,0.6264208776410669,0.6265926496125758,0.8125,14.875
0.03,keys,layer_2,32,0.000643882794904016,0.0006399091690951764,0.0001604094647333909,0.009822595953664859,0.9901776202023029,1.0,0.9875000007450581,0.6284043327905238,0.6265926496125758,0.8125,14.96875
0.1,keys,layer_2,32,0.0007855902187543506,0.0007824694983753488,0.00019585297584256978,0.010324604196284781,0.9896756112575531,1.0,0.9812500011175871,0.6268177533056587,0.6265926496125758,0.78125,14.1875
0.0,values,layer_2,32,7.974449545145035e-09,7.974449545145035e-09,-3.4994506316159135e-09,0.0,1.0000002104789019,1.0,1.0,0.6265926496125758,0.6265926496125758,1.0,16.0
0.01,values,layer_2,32,0.0007058475512167206,0.0007063106118323503,0.00017645096432516993,0.010669986933862674,0.9893302340060472,1.0,0.993750000372529,0.6253756505902857,0.6265926496125758,0.8125,14.65625
0.03,values,layer_2,32,0.0007305918168754033,0.0007273965473473254,0.00018214220998657993,0.01006007497585415,0.9899401627480984,1.0,0.993750000372529,0.6263597318902612,0.6265926496125758,0.90625,15.46875
0.1,values,layer_2,32,0.0005855102595830886,0.0005897599731952141,0.00014676790661383166,0.008209731875467696,0.9917904958128929,1.0,0.993750000372529,0.6260881263297051,0.6265926496125758,0.75,13.84375
0.0,keys,layer_20,32,7.974449545145035e-09,7.974449545145035e-09,-3.4994506316159135e-09,0.0,1.0000002104789019,1.0,1.0,0.6265926496125758,0.6265926496125758,1.0,16.0
0.01,keys,layer_20,32,0.0005201516129886841,0.0005204626065449247,0.00013003138910860912,0.008628263267610237,0.991371925920248,1.0,0.9875000007450581,0.6267829837743193,0.6265926496125758,0.84375,15.125
0.03,keys,layer_20,32,0.000458733637003661,0.00045516261012323866,0.00011418575253685503,0.007089566388458479,0.9929106552153826,1.0,0.993750000372529,0.6285747024230659,0.6265926496125758,0.78125,14.34375
0.1,keys,layer_20,32,0.0008217426589851584,0.0008188894123861701,0.0002049692968597583,0.011557805956726952,0.9884423892945051,1.0,0.9875000007450581,0.626230840338394,0.6265926496125758,0.78125,14.3125
0.0,values,layer_20,32,7.974449545145035e-09,7.974449545145035e-09,-3.4994506316159135e-09,0.0,1.0000002104789019,1.0,1.0,0.6265926496125758,0.6265926496125758,1.0,16.0
0.01,values,layer_20,32,0.000436986921101834,0.00043193757775839003,0.000108576016224049,0.007124577869262794,0.9928756318986416,1.0,0.9875000007450581,0.6288981141988188,0.6265926496125758,0.8125,14.5
0.03,values,layer_20,32,0.0005804015103620941,0.000573550412276802,0.00014418372936209067,0.009082123868836334,0.9909181129187346,1.0,1.0,0.6304191164672375,0.6265926496125758,0.875,15.21875
0.1,values,layer_20,32,0.0008254202337241168,0.0008266827852594361,0.00020639465743954588,0.010873770022271856,0.9891264792531729,1.0,1.0,0.6248088520951569,0.6265926496125758,0.75,14.25
0.0,keys,layer_21,32,7.974449545145035e-09,7.974449545145035e-09,-3.4994506316159135e-09,0.0,1.0000002104789019,1.0,1.0,0.6265926496125758,0.6265926496125758,1.0,16.0
0.01,keys,layer_21,32,0.00041722871097960024,0.000415552334928293,0.00010405911333322138,0.006828651740590885,0.993171589449048,1.0,0.9875000007450581,0.6277124201878905,0.6265926496125758,0.8125,14.875
0.03,keys,layer_21,32,0.0004966998496769293,0.0004962482876038621,0.00012406751876881117,0.00799069926381435,0.9920095205307007,1.0,0.993750000372529,0.6255782961379737,0.6265926496125758,0.875,15.3125
0.1,keys,layer_21,32,0.001054943197857483,0.0010550566953497764,0.0002635795877381497,0.013959257183159934,0.9860409870743752,1.0,0.9875000007450581,0.626864903839305,0.6265926496125758,0.875,15.15625
0.0,values,layer_21,32,7.974449545145035e-09,7.974449545145035e-09,-3.4994506316159135e-09,0.0,1.0000002104789019,1.0,1.0,0.6265926496125758,0.6265926496125758,1.0,16.0
0.01,values,layer_21,32,0.0004892062493198068,0.00048573589295131114,0.00012182375188451999,0.008026219745261187,0.991973988711834,1.0,0.993750000372529,0.6293912015389651,0.6265926496125758,0.75,14.09375
0.03,values,layer_21,32,0.00047427346274275806,0.0004731308623036057,0.00011838357488613838,0.007465371859098013,0.9925348423421383,1.0,0.9875000007450581,0.6280719535425305,0.6265926496125758,0.8125,14.90625
0.1,values,layer_21,32,0.000736457726475237,0.0007350720318299864,0.00018385208636217953,0.011195867835340323,0.9888043571263552,1.0,0.993750000372529,0.624718751758337,0.6265926496125758,0.8125,14.125
0.0,keys,layer_22,32,7.974449545145035e-09,7.974449545145035e-09,-3.4994506316159135e-09,0.0,1.0000002104789019,1.0,1.0,0.6265926496125758,0.6265926496125758,1.0,16.0
0.01,keys,layer_22,32,0.00040486219558744097,0.0004039939345972243,0.00010105712429719915,0.006776636238612355,0.9932235833257437,1.0,1.0,0.6268152599222958,0.6265926496125758,0.84375,14.84375
0.03,keys,layer_22,32,0.0005771447570168675,0.0005711820189731043,0.00014346846745638686,0.008605939716971989,0.9913942851126194,1.0,0.9750000014901161,0.6290513621643186,0.6265926496125758,0.8125,14.40625
0.1,keys,layer_22,32,0.0013916273983340943,0.0013636457091763532,0.00034378596913597903,0.014836234563290418,0.9851640276610851,1.0,0.9625000022351742,0.6243032941129059,0.6265926496125758,0.78125,14.375
0.0,values,layer_22,32,7.974449545145035e-09,7.974449545145035e-09,-3.4994506316159135e-09,0.0,1.0000002104789019,1.0,1.0,0.6265926496125758,0.6265926496125758,1.0,16.0
0.01,values,layer_22,32,0.0004553527935513557,0.0004543103042919938,0.00011365479031510972,0.007069226188491484,0.9929310046136379,1.0,0.993750000372529,0.6268331501632929,0.6265926496125758,0.84375,14.53125
0.03,values,layer_22,32,0.0006379991082781089,0.0006355896440197739,0.00015913245756848937,0.009555255524446693,0.990444965660572,1.0,0.9750000014901161,0.6277733044698834,0.6265926496125758,0.8125,14.65625
0.1,values,layer_22,32,0.001028174437863072,0.0010051333237584004,0.00025385945890121775,0.012930093101317652,0.9870701245963573,1.0,0.9812500011175871,0.6315916248131543,0.6265926496125758,0.84375,14.875
0.0,keys,layer_23,32,7.974449545145035e-09,7.974449545145035e-09,-3.4994506316159135e-09,0.0,1.0000002104789019,1.0,1.0,0.6265926496125758,0.6265926496125758,1.0,16.0
0.01,keys,layer_23,32,0.000416904838388632,0.0004156370736652093,0.00010402245514384845,0.006709409461393534,0.9932907968759537,1.0,0.9812500011175871,0.6274780062958598,0.6265926496125758,0.875,15.03125
0.03,keys,layer_23,32,0.00047842606241488284,0.00047643823924659046,0.00011931101636974972,0.007727322649088819,0.9922729022800922,1.0,0.9812500011175871,0.6278589551802725,0.6265926496125758,0.875,15.21875
0.1,keys,layer_23,32,0.0008847255813861921,0.0008905921067139388,0.00022179387454457355,0.012231458961650787,0.9877687823027372,1.0,0.9812500011175871,0.6245566057041287,0.6265926496125758,0.78125,14.25
0.0,values,layer_23,32,7.974449545145035e-09,7.974449545145035e-09,-3.4994506316159135e-09,0.0,1.0000002104789019,1.0,1.0,0.6265926496125758,0.6265926496125758,1.0,16.0
0.01,values,layer_23,32,0.0004114441178302286,0.00041055095584852097,0.0001026949516180764,0.006494917138866185,0.9935053009539843,1.0,0.9812500011175871,0.6285459818318486,0.6265926496125758,0.78125,14.21875
0.03,values,layer_23,32,0.0005699981824989209,0.0005684525741287416,0.00014224476579727252,0.00867552029944818,0.9913247041404247,1.0,0.993750000372529,0.6270476635545492,0.6265926496125758,0.875,15.09375
0.1,values,layer_23,32,0.0011451680367997596,0.0011193718788149454,0.00028258101521316803,0.012256589056278244,0.9877436403185129,1.0,0.9750000014901161,0.6277586854994297,0.6265926496125758,0.8125,14.40625
0.0,keys,layer_24,32,7.974449545145035e-09,7.974449545145035e-09,-3.4994506316159135e-09,0.0,1.0000002104789019,1.0,1.0,0.6265926496125758,0.6265926496125758,1.0,16.0
0.01,keys,layer_24,32,0.00035345816868570523,0.00035363219193840223,8.835507077975535e-05,0.005592259777984054,0.9944079630076885,1.0,0.993750000372529,0.6266940196510404,0.6265926496125758,0.8125,14.53125
0.03,keys,layer_24,32,0.000686693892077983,0.0006832400724476884,0.00017118839077312487,0.010649425675524071,0.9893507901579142,1.0,0.9875000007450581,0.6306745882611722,0.6265926496125758,0.90625,15.3125
0.1,keys,layer_24,32,0.0006780065110660871,0.0006753794485518938,0.0001690593117658068,0.00953824913722201,0.9904619883745909,1.0,0.9812500011175871,0.6290701571851969,0.6265926496125758,0.8125,14.40625
0.0,values,layer_24,32,7.974449545145035e-09,7.974449545145035e-09,-3.4994506316159135e-09,0.0,1.0000002104789019,1.0,1.0,0.6265926496125758,0.6265926496125758,1.0,16.0
0.01,values,layer_24,32,0.00038568619974910234,0.0003858023339233796,9.639229980606956e-05,0.006418658356068363,0.9935815669596195,1.0,0.9875000007450581,0.6262524991761893,0.6265926496125758,0.9375,15.6875
0.03,values,layer_24,32,0.00044218280862295956,0.00043943760635123397,0.00011014666768804915,0.006939656666986593,0.993060577660799,1.0,0.993750000372529,0.6285890217404813,0.6265926496125758,0.875,14.90625
0.1,values,layer_24,32,0.001066064264648503,0.0010518196150997028,0.0002643965382560509,0.012999192445477092,0.9870010279119015,1.0,0.9750000014901161,0.6274316851049662,0.6265926496125758,0.8125,14.34375
0.0,keys,layer_25,32,7.974449545145035e-09,7.974449545145035e-09,-3.4994506316159135e-09,0.0,1.0000002104789019,1.0,1.0,0.6265926496125758,0.6265926496125758,1.0,16.0
0.01,keys,layer_25,32,0.00041272340656028916,0.00040974237236213185,0.00010276598080238841,0.006701882392121661,0.9932983629405499,1.0,0.9875000007450581,0.6278019361197948,0.6265926496125758,0.8125,14.375
0.03,keys,layer_25,32,0.0005066104332343002,0.0005032020652322444,0.00012618159310306964,0.007975167185009013,0.9920250531286001,1.0,0.9875000007450581,0.6296911062672734,0.6265926496125758,0.84375,15.0
0.1,keys,layer_25,32,0.000971674595461991,0.0009688199576771694,0.00024215240068770072,0.01330809811315703,0.9866921212524176,1.0,0.9812500011175871,0.6296073920093477,0.6265926496125758,0.78125,13.96875
0.0,values,layer_25,32,7.974449545145035e-09,7.974449545145035e-09,-3.4994506316159135e-09,0.0,1.0000002104789019,1.0,1.0,0.6265926496125758,0.6265926496125758,1.0,16.0
0.01,values,layer_25,32,0.0003472653440041995,0.0003482506506173877,8.690542292200121e-05,0.005990327625340797,0.9940099027007818,1.0,0.993750000372529,0.6253183418884873,0.6265926496125758,0.90625,15.15625
0.03,values,layer_25,32,0.00043926812196559695,0.0004396661744010544,0.00010981479661609228,0.007255559621853536,0.9927446749061346,1.0,0.9812500011175871,0.6266985253896564,0.6265926496125758,0.84375,14.90625
0.1,values,layer_25,32,0.0014238338489462876,0.001360381436455782,0.00034564128359448887,0.014557943147337937,0.9854422770440578,1.0,0.9750000014901161,0.6275867079384625,0.6265926496125758,0.6875,13.15625
0.0,keys,layer_26,32,7.974449545145035e-09,7.974449545145035e-09,-3.4994506316159135e-09,0.0,1.0000002104789019,1.0,1.0,0.6265926496125758,0.6265926496125758,1.0,16.0
0.01,keys,layer_26,32,0.0003483107976318678,0.00034566663175183976,8.671140296323543e-05,0.005897860952643441,0.99410236813128,1.0,0.993750000372529,0.6262922042515129,0.6265926496125758,0.8125,14.5
0.03,keys,layer_26,32,0.0004711262638803504,0.0004684877795009257,0.00011741125485276172,0.007720267457898444,0.9922799523919821,1.0,0.9875000007450581,0.6274159939493984,0.6265926496125758,0.84375,14.8125
0.1,keys,layer_26,32,0.0012300431634741926,0.0012356815649354758,0.0003077201285037745,0.012574613975175453,0.9874256048351526,0.96875,0.9812500011175871,0.6238598411437124,0.6265926496125758,0.78125,13.8125
0.0,values,layer_26,32,7.974449545145035e-09,7.974449545145035e-09,-3.4994506316159135e-09,0.0,1.0000002104789019,1.0,1.0,0.6265926496125758,0.6265926496125758,1.0,16.0
0.01,values,layer_26,32,0.00032403664002345067,0.00032108824185428375,8.060535924236945e-05,0.005354898060701885,0.9946453347802162,1.0,0.9875000007450581,0.627976888557896,0.6265926496125758,0.84375,14.6875
0.03,values,layer_26,32,0.0004816044207816006,0.0004829642943047219,0.00012052086500613512,0.007955904529723057,0.9920443445444107,1.0,0.9875000007450581,0.6257544152904302,0.6265926496125758,0.90625,15.0625
0.1,values,layer_26,32,0.0008482057709215951,0.0008421966322202934,0.0002111248811331734,0.010024910654010455,0.9899753052741289,1.0,0.9875000007450581,0.6283503128215671,0.6265926496125758,0.71875,13.875
0.0,keys,layer_27,32,7.974449545145035e-09,7.974449545145035e-09,-3.4994506316159135e-09,0.0,1.0000002104789019,1.0,1.0,0.6265926496125758,0.6265926496125758,1.0,16.0
0.01,keys,layer_27,32,0.00017881996503099629,0.00017711198140091255,4.4475944525723676e-05,0.002965298749437295,0.9970349241048098,1.0,0.993750000372529,0.6273245753254741,0.6265926496125758,0.96875,15.8125
0.03,keys,layer_27,32,0.00035849877949889475,0.0003566548635776101,8.935311414504099e-05,0.005730442152355408,0.9942697919905186,1.0,1.0,0.6279503654222935,0.6265926496125758,0.875,14.875
0.1,keys,layer_27,32,0.0006614240177622577,0.0006592003292640314,0.00016486726987574585,0.008987267187762882,0.9910129588097334,1.0,0.9812500011175871,0.6259053393732756,0.6265926496125758,0.9375,15.5
0.0,values,layer_27,32,7.974449545145035e-09,7.974449545145035e-09,-3.4994506316159135e-09,0.0,1.0000002104789019,1.0,1.0,0.6265926496125758,0.6265926496125758,1.0,16.0
0.01,values,layer_27,32,0.00020935573413982667,0.0002094338353515468,5.232607115934762e-05,0.0033568842383147057,0.9966433327645063,1.0,1.0,0.6266990543808788,0.6265926496125758,0.96875,15.75
0.03,values,layer_27,32,0.00013693209085274827,0.00013869911268593604,3.4424774304708805e-05,0.002205949756788783,0.997794259339571,1.0,0.993750000372529,0.6259731946047395,0.6265926496125758,0.9375,15.375
0.1,values,layer_27,32,0.0003587692491358041,0.00035540907432007884,8.923696161300398e-05,0.0058503654490209556,0.9941498562693596,1.0,0.993750000372529,0.6266723026055843,0.6265926496125758,0.9375,15.53125
0.0,keys,layer_3,32,7.974449545145035e-09,7.974449545145035e-09,-3.4994506316159135e-09,0.0,1.0000002104789019,1.0,1.0,0.6265926496125758,0.6265926496125758,1.0,16.0
0.01,keys,layer_3,32,0.0005473005755902705,0.0005438847184962015,0.00013633832132597945,0.00841832982359847,0.9915819000452757,1.0,0.993750000372529,0.6266863297205418,0.6265926496125758,0.875,15.3125
0.03,keys,layer_3,32,0.0006185168622891979,0.0006172949471761058,0.0001544109430824392,0.009372728351308979,0.9906275011599064,1.0,0.993750000372529,0.625779930036515,0.6265926496125758,0.90625,15.28125
0.1,keys,layer_3,32,0.0007020766309864257,0.0007018044466917672,0.00017537523450172898,0.009666520257496813,0.9903337229043245,1.0,0.993750000372529,0.6266541623044759,0.6265926496125758,0.84375,14.65625
0.0,values,layer_3,32,7.974449545145035e-09,7.974449545145035e-09,-3.4994506316159135e-09,0.0,1.0000002104789019,1.0,1.0,0.6265926496125758,0.6265926496125758,1.0,16.0
0.01,values,layer_3,32,0.0006247431655026503,0.0006215235581095158,0.00015572104227601358,0.009828032894802163,0.9901721812784672,1.0,0.993750000372529,0.626885207137093,0.6265926496125758,0.875,15.125
0.03,values,layer_3,32,0.0005915634665569769,0.0005932081391790689,0.0001480305435634932,0.009073937086213846,0.9909262917935848,1.0,0.9875000007450581,0.6260224350262433,0.6265926496125758,0.8125,14.78125
0.1,values,layer_3,32,0.0010783931989237772,0.0010626395649353526,0.0002672779429886418,0.010861413708653345,0.989138800650835,0.96875,0.993750000372529,0.6267039687372744,0.6265926496125758,0.75,13.71875
0.0,keys,layer_4,32,7.974449545145035e-09,7.974449545145035e-09,-3.4994506316159135e-09,0.0,1.0000002104789019,1.0,1.0,0.6265926496125758,0.6265926496125758,1.0,16.0
0.01,keys,layer_4,32,0.0006116278659362706,0.0006073004629456591,0.00015231635848067526,0.00981023058102437,0.9901899546384811,1.0,1.0,0.6280984955374151,0.6265926496125758,0.78125,14.59375
0.03,keys,layer_4,32,0.0006670005221920405,0.0006633979518682054,0.00016619648308058288,0.008763991248031289,0.9912362452596426,1.0,0.993750000372529,0.6278293528594077,0.6265926496125758,0.875,15.125
0.1,keys,layer_4,32,0.0008380384372799199,0.0008404069053540297,0.00020949662334146524,0.010729430900937587,0.9892707969993353,1.0,0.9875000007450581,0.6276303955819458,0.6265926496125758,0.75,14.03125
0.0,values,layer_4,32,7.974449545145035e-09,7.974449545145035e-09,-3.4994506316159135e-09,0.0,1.0000002104789019,1.0,1.0,0.6265926496125758,0.6265926496125758,1.0,16.0
0.01,values,layer_4,32,0.0006913027346371337,0.0006899882012305625,0.00017256592511216695,0.010239014535272872,0.9897612128406763,1.0,0.9812500011175871,0.6244740944821388,0.6265926496125758,0.90625,15.53125
0.03,values,layer_4,32,0.00045126887424373763,0.0004495474602634886,0.00011255991102387952,0.006952753601922268,0.993047459051013,1.0,0.9812500011175871,0.6265982990153134,0.6265926496125758,0.78125,14.21875
0.1,values,layer_4,32,0.0007075563946443708,0.0007056030252385881,0.00017656033305968322,0.010499806182906468,0.9895004034042358,1.0,0.9875000007450581,0.6261297438759357,0.6265926496125758,0.75,14.375
0.0,keys,layer_5,32,7.974449545145035e-09,7.974449545145035e-09,-3.4994506316159135e-09,0.0,1.0000002104789019,1.0,1.0,0.6265926496125758,0.6265926496125758,1.0,16.0
0.01,keys,layer_5,32,0.0005530341746364797,0.0005492207061905674,0.00013772588245153372,0.008828969908108775,0.9911712296307087,1.0,0.993750000372529,0.6288150385953486,0.6265926496125758,0.84375,14.75
0.03,keys,layer_5,32,0.0005824980086117648,0.0005826155881720751,0.00014558531070463232,0.009333412417390718,0.990666838362813,1.0,0.9812500011175871,0.6252436975482851,0.6265926496125758,0.875,15.0625
0.1,keys,layer_5,32,0.0008389791236140809,0.0008400199288303156,0.00020974196841905268,0.01081970124732834,0.9891805183142424,1.0,0.993750000372529,0.6255224726628512,0.6265926496125758,0.8125,14.59375
0.0,values,layer_5,32,7.974449545145035e-09,7.974449545145035e-09,-3.4994506316159135e-09,0.0,1.0000002104789019,1.0,1.0,0.6265926496125758,0.6265926496125758,1.0,16.0
0.01,values,layer_5,32,0.0006245429663778168,0.0006269678009545032,0.00015637432620252412,0.009958958138327034,0.9900412671267986,1.0,0.993750000372529,0.6246148340869695,0.6265926496125758,0.8125,14.625
0.03,values,layer_5,32,0.0005537985709906934,0.000549324013519481,0.00013782717389076993,0.007495649983638941,0.992504583671689,1.0,0.993750000372529,0.6285712930839509,0.6265926496125758,0.875,14.65625
0.1,values,layer_5,32,0.0008394500703161611,0.0008326065524499882,0.0002088692740613851,0.009943326690518006,0.9900569077581167,1.0,0.993750000372529,0.6272516201715916,0.6265926496125758,0.8125,14.375
0.0,keys,layer_6,32,7.974449545145035e-09,7.974449545145035e-09,-3.4994506316159135e-09,0.0,1.0000002104789019,1.0,1.0,0.6265926496125758,0.6265926496125758,1.0,16.0
0.01,keys,layer_6,32,0.0007501791201036667,0.0007439136265219304,0.0001866709099473951,0.010627795621758196,0.9893724210560322,1.0,0.993750000372529,0.6291321944445372,0.6265926496125758,0.84375,15.09375
0.03,keys,layer_6,32,0.0006453228069176475,0.000641738539883363,0.000160794164251854,0.009541389814330614,0.9904588311910629,1.0,0.993750000372529,0.6271176908630878,0.6265926496125758,0.875,15.09375
0.1,keys,layer_6,32,0.001012950778033428,0.0010125960183984262,0.00025302770187352053,0.013213830641234381,0.9867863692343235,1.0,0.9875000007450581,0.6263105303514749,0.6265926496125758,0.84375,14.6875
0.0,values,layer_6,32,7.974449545145035e-09,7.974449545145035e-09,-3.4994506316159135e-09,0.0,1.0000002104789019,1.0,1.0,0.6265926496125758,0.6265926496125758,1.0,16.0
0.01,values,layer_6,32,0.0005559120124303263,0.0005552546087415067,0.00013883459705255063,0.008389969697873312,0.9916102644056082,1.0,0.993750000372529,0.6266449571121484,0.6265926496125758,0.84375,14.875
0.03,values,layer_6,32,0.0008433849188804743,0.000827511591808161,0.00020873069340865413,0.010826583617017604,0.9891736228018999,1.0,0.993750000372529,0.6298889860045165,0.6265926496125758,0.84375,14.59375
0.1,values,layer_6,32,0.000723758739098912,0.0007192536101285896,0.00018028312808127112,0.010659967345645782,0.9893402624875307,1.0,0.993750000372529,0.6264190510846674,0.6265926496125758,0.875,14.90625
0.0,keys,layer_7,32,7.974449545145035e-09,7.974449545145035e-09,-3.4994506316159135e-09,0.0,1.0000002104789019,1.0,1.0,0.6265926496125758,0.6265926496125758,1.0,16.0
0.01,keys,layer_7,32,0.0006549963218844823,0.000655546308337307,0.00016374540414432204,0.009626700347098449,0.9903735127300024,1.0,1.0,0.626202548854053,0.6265926496125758,0.90625,15.53125
0.03,keys,layer_7,32,0.0005656620442096028,0.0005625240923166075,0.0001409558352207796,0.008514297460692433,0.9914859216660261,1.0,1.0,0.6276997397653759,0.6265926496125758,0.90625,15.15625
0.1,keys,layer_7,32,0.001208549137402315,0.0011844893725196926,0.0002985573379135076,0.012805937291886949,0.9871942773461342,1.0,0.993750000372529,0.6280408392194659,0.6265926496125758,0.90625,14.96875
0.0,values,layer_7,32,7.974449545145035e-09,7.974449545145035e-09,-3.4994506316159135e-09,0.0,1.0000002104789019,1.0,1.0,0.6265926496125758,0.6265926496125758,1.0,16.0
0.01,values,layer_7,32,0.0006133400342775985,0.000611348136885681,0.00015302497745750543,0.009757373361935606,0.9902428537607193,1.0,0.9875000007450581,0.6282382505014539,0.6265926496125758,0.78125,14.375
0.03,values,layer_7,32,0.0006044795952675486,0.0006035803450856747,0.00015095765000694428,0.009562302832819114,0.9904379136860371,1.0,0.9750000014901161,0.6265348179731518,0.6265926496125758,0.8125,14.4375
0.1,values,layer_7,32,0.0006219903952171535,0.0006191744751617989,0.00015508587546264607,0.009652137870034494,0.9903480838984251,1.0,0.993750000372529,0.6274176968727261,0.6265926496125758,0.875,15.125
0.0,keys,layer_8,32,7.974449545145035e-09,7.974449545145035e-09,-3.4994506316159135e-09,0.0,1.0000002104789019,1.0,1.0,0.6265926496125758,0.6265926496125758,1.0,16.0
0.01,keys,layer_8,32,0.0005166450994948946,0.0005170043505913213,0.0001291477600453561,0.00818439523698089,0.9918158277869225,1.0,0.993750000372529,0.6269011395052075,0.6265926496125758,0.71875,14.03125
0.03,keys,layer_8,32,0.0007465582409622584,0.0007433699038301711,0.000186155815129041,0.010768445197754772,0.9892317689955235,1.0,0.993750000372529,0.6280846584122628,0.6265926496125758,0.84375,14.84375
0.1,keys,layer_8,32,0.0008163328671315639,0.0008163229559556839,0.00020393996135048553,0.010557369761841073,0.9894428681582212,1.0,0.993750000372529,0.6273272591643035,0.6265926496125758,0.75,13.75
0.0,values,layer_8,32,7.974449545145035e-09,7.974449545145035e-09,-3.4994506316159135e-09,0.0,1.0000002104789019,1.0,1.0,0.6265926496125758,0.6265926496125758,1.0,16.0
0.01,values,layer_8,32,0.0007626188955782709,0.0007555037699944478,0.00018967149971871322,0.010906150455184616,0.9890940841287374,1.0,0.9875000007450581,0.6283868197351694,0.6265926496125758,0.84375,14.90625
0.03,values,layer_8,32,0.0007390906193904812,0.0007356393527402361,0.000184270874996173,0.011102100142863947,0.988898130133748,1.0,0.993750000372529,0.627750953193754,0.6265926496125758,0.78125,14.3125
0.1,values,layer_8,32,0.0006686897764893729,0.0006678896003506907,0.000166988745078811,0.009722681712446501,0.9902775287628174,1.0,0.9812500011175871,0.6265816304367036,0.6265926496125758,0.90625,15.5
0.0,keys,layer_9,32,7.974449545145035e-09,7.974449545145035e-09,-3.4994506316159135e-09,0.0,1.0000002104789019,1.0,1.0,0.6265926496125758,0.6265926496125758,1.0,16.0
0.01,keys,layer_9,32,0.0005922145277850177,0.0005892323765408491,0.00014760741193953208,0.008705811950221687,0.9912944212555885,1.0,1.0,0.6292574172839522,0.6265926496125758,0.875,14.90625
0.03,keys,layer_9,32,0.0007192933529722723,0.0007132683288944008,0.0001789832953598136,0.010310736761312,0.9896894991397858,1.0,0.9875000007450581,0.6285558417439461,0.6265926496125758,0.84375,14.53125
0.1,keys,layer_9,32,0.0015160333760491085,0.001513425803040036,0.0003779083189385801,0.0140187317051641,0.9859814811497927,1.0,0.9812500011175871,0.6282990139443427,0.6265926496125758,0.8125,14.40625
0.0,values,layer_9,32,7.974449545145035e-09,7.974449545145035e-09,-3.4994506316159135e-09,0.0,1.0000002104789019,1.0,1.0,0.6265926496125758,0.6265926496125758,1.0,16.0
0.01,values,layer_9,32,0.0006328918151439211,0.0006307481897920297,0.00015790193054954216,0.01030642379089386,0.9896938074380159,1.0,1.0,0.628358434420079,0.6265926496125758,0.90625,15.40625
0.03,values,layer_9,32,0.0006042152120357969,0.0005991515826053728,0.0001503541014855614,0.00942933917440314,0.9905708804726601,1.0,0.993750000372529,0.628619167022407,0.6265926496125758,0.78125,14.5
0.1,values,layer_9,32,0.0006237322941728962,0.0006194162650672297,0.00015530994394907793,0.00956094585444589,0.9904392715543509,1.0,0.993750000372529,0.6275446338113397,0.6265926496125758,0.75,14.375
