eval_idx,native_vs_big_top1_match,translated_vs_big_top1_match,translated_vs_native_top1_match,native_vs_big_kl_p_to_q,native_vs_big_kl_q_to_p,native_vs_big_js,native_vs_big_tv,native_vs_big_accept_mass,native_vs_big_top5_overlap,native_vs_big_draft_prob_on_target_top1,native_vs_big_target_prob_on_target_top1,translated_vs_big_kl_p_to_q,translated_vs_big_kl_q_to_p,translated_vs_big_js,translated_vs_big_tv,translated_vs_big_accept_mass,translated_vs_big_top5_overlap,translated_vs_big_draft_prob_on_target_top1,translated_vs_big_target_prob_on_target_top1,translated_vs_native_kl_p_to_q,translated_vs_native_kl_q_to_p,translated_vs_native_js,translated_vs_native_tv,translated_vs_native_accept_mass,translated_vs_native_top5_overlap,translated_vs_native_draft_prob_on_target_top1,translated_vs_native_target_prob_on_target_top1,identity_vs_big_top1_match,identity_vs_big_kl_p_to_q,identity_vs_big_kl_q_to_p,identity_vs_big_js,identity_vs_big_tv,identity_vs_big_accept_mass,identity_vs_big_top5_overlap,identity_vs_big_draft_prob_on_target_top1,identity_vs_big_target_prob_on_target_top1
0,1.0,0.0,0.0,0.003607414197176695,0.005292369984090328,0.0009287755819968879,0.003799016587436199,0.9962009191513062,0.800000011920929,0.9909016489982605,0.9899811148643494,2.5467770099639893,8.626261711120605,0.5409799218177795,0.9170873165130615,0.08291281759738922,0.6000000238418579,0.07375311106443405,0.9899811148643494,2.548902988433838,7.861022472381592,0.5414973497390747,0.9173984527587891,0.08260183036327362,0.6000000238418579,0.07375311106443405,0.9909016489982605,0.0,12.303993225097656,19.311405181884766,0.6921737194061279,0.999434769153595,0.0005650646635331213,0.0,4.3666118472174276e-06,0.9899811148643494
1,1.0,0.0,0.0,0.2451205551624298,0.15574587881565094,0.03946511447429657,0.1775369644165039,0.82246333360672,0.6000000238418579,0.621199369430542,0.5197128057479858,1.9919915199279785,3.2932839393615723,0.4036572277545929,0.7506030201911926,0.24939724802970886,0.6000000238418579,0.025589361786842346,0.5197128057479858,2.23958683013916,3.0351345539093018,0.425830215215683,0.7831342220306396,0.21686600148677826,0.6000000238418579,0.025589361786842346,0.621199369430542,0.0,7.772629737854004,10.626476287841797,0.6642233729362488,0.9785601496696472,0.02143973857164383,0.0,4.1403862269362435e-05,0.5197128057479858
2,1.0,1.0,1.0,0.24855558574199677,0.40396061539649963,0.07072506099939346,0.30835267901420593,0.6916475892066956,1.0,0.5618607401847839,0.868302047252655,1.417776346206665,4.4924116134643555,0.36074185371398926,0.7208477258682251,0.2791523337364197,0.4000000059604645,0.1631728857755661,0.868302047252655,1.077036738395691,3.0259060859680176,0.2897898554801941,0.6480790376663208,0.35192108154296875,0.4000000059604645,0.1631728857755661,0.5618607401847839,0.0,8.665764808654785,11.928964614868164,0.676311731338501,0.9882704019546509,0.011729621328413486,0.0,8.242297190008685e-05,0.868302047252655
3,1.0,0.0,0.0,0.2213357388973236,0.22714821994304657,0.049347952008247375,0.21014174818992615,0.7898585200309753,0.800000011920929,0.4593196213245392,0.4045078754425049,1.139777421951294,1.7666079998016357,0.23668673634529114,0.5656160116195679,0.43438440561294556,0.6000000238418579,0.07192505896091461,0.4045078754425049,1.1799731254577637,1.3385109901428223,0.23088331520557404,0.5584144592285156,0.44158580899238586,0.6000000238418579,0.07192505896091461,0.4593196213245392,0.0,5.755888938903809,9.197023391723633,0.6391225457191467,0.9603350758552551,0.03966503217816353,0.0,0.00033512336085550487,0.4045078754425049
4,1.0,0.0,0.0,0.08459842205047607,0.30879297852516174,0.02790462225675583,0.09085516631603241,0.9091449975967407,0.6000000238418579,0.9029439687728882,0.993261992931366,8.50507640838623,8.170524597167969,0.6849141120910645,0.9959027767181396,0.004097359254956245,0.0,0.0001893634907901287,0.993261992931366,7.820065975189209,5.878464698791504,0.638200581073761,0.9623745083808899,0.03762553259730339,0.20000000298023224,0.0001893634907901287,0.9029439687728882,0.0,14.152850151062012,13.441075325012207,0.6894515752792358,0.9979445934295654,0.0020555693190544844,0.0,6.592164254470845e-07,0.993261992931366
5,1.0,0.0,0.0,0.0032900935038924217,0.01321993675082922,0.0010768990032374859,0.0034109018743038177,0.9965890645980835,0.800000011920929,0.9964892268180847,0.999851644039154,4.083779335021973,14.661474227905273,0.6499670147895813,0.9830529689788818,0.016947168856859207,0.0,0.016823265701532364,0.999851644039154,4.072535514831543,11.124954223632812,0.6476133465766907,0.9817785620689392,0.01822146773338318,0.0,0.016823265701532364,0.9964892268180847,0.0,7.227176189422607,17.933603286743164,0.6899287104606628,0.999161422252655,0.0008387008565478027,0.0,0.0007255289820022881,0.999851644039154
6,1.0,0.0,0.0,0.034313395619392395,0.03777068480849266,0.007999524474143982,0.03432606905698776,0.9656741619110107,0.800000011920929,0.8895092010498047,0.8910513520240784,2.245906352996826,4.126660346984863,0.4797605872154236,0.8525130152702332,0.14748725295066833,0.4000000059604645,0.07208482921123505,0.8910513520240784,2.1821703910827637,3.916703939437866,0.46295103430747986,0.8286759257316589,0.1713244616985321,0.6000000238418579,0.07208482921123505,0.8895092010498047,0.0,16.448875427246094,12.440337181091309,0.6828573942184448,0.9935255646705627,0.006474334746599197,0.0,2.4641611418019238e-08,0.8910513520240784
7,1.0,0.0,0.0,0.0024762817192822695,0.010710184462368488,0.0008399515645578504,0.002627341542392969,0.9973727464675903,0.6000000238418579,0.9972870349884033,0.9999088048934937,4.1338019371032715,17.890155792236328,0.6517930626869202,0.9839046597480774,0.016095345839858055,0.0,0.016010094434022903,0.9999088048934937,4.1242780685424805,14.34214973449707,0.649869441986084,0.983006477355957,0.016993513330817223,0.20000000298023224,0.016010094434022903,0.9972870349884033,0.0,8.298742294311523,24.67215347290039,0.6919107437133789,0.9996771216392517,0.00032302658655680716,0.0,0.0002486127777956426,0.9999088048934937
8,1.0,0.0,0.0,0.24978011846542358,0.17616218328475952,0.04617944732308388,0.18672780692577362,0.8132723569869995,0.800000011920929,0.7266007661819458,0.6279999017715454,2.7269883155822754,3.524533271789551,0.4719359874725342,0.8354069590568542,0.16459324955940247,0.4000000059604645,0.017637088894844055,0.6279999017715454,2.859307289123535,3.3957009315490723,0.4736132025718689,0.8268900513648987,0.17311012744903564,0.4000000059604645,0.017637088894844055,0.7266007661819458,0.0,11.569364547729492,8.56249713897705,0.6539278626441956,0.9718524217605591,0.028147529810667038,0.0,2.3596720666319015e-07,0.6279999017715454
9,1.0,0.0,0.0,0.32515406608581543,0.4315336048603058,0.08651324361562729,0.3731260895729065,0.6268741488456726,1.0,0.3925340473651886,0.7647526264190674,5.048425674438477,4.681815147399902,0.5019800662994385,0.8052346706390381,0.19476577639579773,0.4000000059604645,0.0010123845422640443,0.7647526264190674,2.8962619304656982,3.7423572540283203,0.36847251653671265,0.6115635633468628,0.38843682408332825,0.4000000059604645,0.0010123845422640443,0.3925340473651886,0.0,14.696678161621094,11.38651180267334,0.6923319697380066,0.9993718266487122,0.0006284309201873839,0.0,1.2997934106806497e-07,0.7647526264190674
10,0.0,0.0,1.0,3.8388915061950684,5.505064964294434,0.5836429595947266,0.930688202381134,0.06931238621473312,0.4000000059604645,0.009398633614182472,0.1510770171880722,2.486745595932007,3.0205821990966797,0.41189125180244446,0.7590140104293823,0.24098633229732513,0.4000000059604645,0.0432305783033371,0.1510770171880722,1.841980218887329,3.0462214946746826,0.4051969349384308,0.8049459457397461,0.1950545608997345,0.6000000238418579,0.09151913225650787,0.8460380434989929,0.0,7.9961652755737305,6.8999810218811035,0.6287097930908203,0.9570267200469971,0.04297354072332382,0.0,0.00027718418277800083,0.1510770171880722
11,0.0,0.0,1.0,1.5081344842910767,1.41567063331604,0.29395607113838196,0.6875382661819458,0.31246182322502136,0.4000000059604645,0.1979914903640747,0.5273166298866272,3.5558691024780273,4.788875579833984,0.5051542520523071,0.8739352226257324,0.12606516480445862,0.4000000059604645,0.012300297617912292,0.5273166298866272,0.8718934655189514,2.1482861042022705,0.19979172945022583,0.3751196563243866,0.6248806118965149,0.4000000059604645,0.5230218768119812,0.5381967425346375,0.0,4.64500617980957,7.442572593688965,0.5698186159133911,0.8907143473625183,0.1092858538031578,0.20000000298023224,0.009269370697438717,0.5273166298866272
12,1.0,1.0,1.0,0.03384914621710777,0.023869605734944344,0.006788714788854122,0.05256297439336777,0.9474369883537292,0.800000011920929,0.9629103541374207,0.911045491695404,0.20765799283981323,0.7225017547607422,0.06496552377939224,0.2346404790878296,0.7653597593307495,0.6000000238418579,0.684333086013794,0.911045491695404,0.2747637629508972,0.8208348155021667,0.08586879819631577,0.27869081497192383,0.7213093042373657,0.6000000238418579,0.684333086013794,0.9629103541374207,0.0,7.870785713195801,10.493922233581543,0.6459875106811523,0.9452635049819946,0.05473648011684418,0.20000000298023224,0.00017701963952276856,0.911045491695404
13,1.0,0.0,0.0,0.08573518693447113,0.019932575523853302,0.006155629642307758,0.018497586250305176,0.9815024137496948,0.4000000059604645,0.9968988299369812,0.9799473285675049,6.9290080070495605,7.7754998207092285,0.666720449924469,0.9822892546653748,0.01771092787384987,0.0,0.000818990112747997,0.9799473285675049,7.076852798461914,9.337960243225098,0.6849576830863953,0.9965184330940247,0.0034815873950719833,0.0,0.000818990112747997,0.9968988299369812,0.0,7.819061279296875,10.568632125854492,0.6803286075592041,0.9921355247497559,0.007864361628890038,0.20000000298023224,0.00035584569559432566,0.9799473285675049
14,1.0,1.0,1.0,0.00157605588901788,0.004461134783923626,0.0005016819341108203,0.0022792480885982513,0.9977207779884338,0.6000000238418579,0.9957535266876221,0.9979901313781738,0.3354746997356415,1.5108036994934082,0.10936924070119858,0.29119327664375305,0.708807110786438,0.800000011920929,0.7068045139312744,0.9979901313781738,0.32524365186691284,1.1456812620162964,0.1052122712135315,0.28895193338394165,0.711048424243927,0.800000011920929,0.7068045139312744,0.9957535266876221,0.0,2.948491096496582,11.288969993591309,0.5849832892417908,0.9464396238327026,0.05356037989258766,0.800000011920929,0.05155402049422264,0.9979901313781738
15,0.0,0.0,0.0,0.7482714653015137,0.7028579711914062,0.1594071090221405,0.5128921270370483,0.4871079921722412,0.800000011920929,0.10286915302276611,0.3326534926891327,0.6842412948608398,1.3920124769210815,0.17280453443527222,0.4372033476829529,0.5627970695495605,0.6000000238418579,0.14256802201271057,0.3326534926891327,1.5496752262115479,1.8745393753051758,0.3089219033718109,0.644396185874939,0.35560405254364014,0.6000000238418579,0.05943119153380394,0.6707910299301147,0.0,8.397981643676758,13.423323631286621,0.6821607351303101,0.9932805299758911,0.0067193154245615005,0.0,5.203347882343223e-06,0.3326534926891327
16,1.0,0.0,0.0,0.5290387868881226,0.5781037211418152,0.11372987180948257,0.36410510540008545,0.6358952522277832,0.800000011920929,0.38624057173728943,0.5560165047645569,1.0302902460098267,1.4440605640411377,0.21867212653160095,0.5579033493995667,0.4420969486236572,0.6000000238418579,0.23994261026382446,0.5560165047645569,0.7156709432601929,0.7381774187088013,0.14195512235164642,0.41605332493782043,0.5839471220970154,0.6000000238418579,0.23994261026382446,0.38624057173728943,0.0,4.874146461486816,9.345178604125977,0.6346929669380188,0.9649597406387329,0.03504045307636261,0.0,0.004324686713516712,0.5560165047645569
17,1.0,1.0,1.0,0.3858222961425781,0.25793054699897766,0.06976695358753204,0.2960619330406189,0.703938364982605,0.6000000238418579,0.5643901228904724,0.3322458565235138,0.9245631694793701,1.8621211051940918,0.20287954807281494,0.47028306126594543,0.5297171473503113,0.4000000059604645,0.2680126130580902,0.3322458565235138,0.6840860843658447,1.680953025817871,0.18571041524410248,0.4963908791542053,0.503609299659729,0.4000000059604645,0.2680126130580902,0.5643901228904724,0.0,8.765023231506348,13.749329566955566,0.6844033002853394,0.9945573210716248,0.005442611873149872,0.0,2.2852631445857696e-05,0.3322458565235138
18,1.0,1.0,1.0,0.09632764756679535,0.11455561965703964,0.024935737252235413,0.15727576613426208,0.8427245616912842,0.6000000238418579,0.40237075090408325,0.45965126156806946,1.7767231464385986,6.135733604431152,0.37173646688461304,0.7192797064781189,0.2807205319404602,0.20000000298023224,0.13112585246562958,0.45965126156806946,1.5917257070541382,5.313643455505371,0.3447566032409668,0.6908997297286987,0.3091004490852356,0.4000000059604645,0.13112585246562958,0.40237075090408325,0.0,8.131024360656738,13.014312744140625,0.6760793924331665,0.988727867603302,0.011272398754954338,0.0,9.750441677169874e-05,0.45965126156806946
19,1.0,0.0,0.0,0.1242418885231018,0.13185745477676392,0.0300469808280468,0.17020222544670105,0.8297984004020691,0.800000011920929,0.09187962859869003,0.09101173281669617,2.351592540740967,3.778735399246216,0.4262407124042511,0.7688913941383362,0.23110896348953247,0.0,0.002916959347203374,0.09101173281669617,2.3055825233459473,3.869664192199707,0.4167134165763855,0.7563688158988953,0.243631511926651,0.0,0.002916959347203374,0.09187962859869003,0.0,5.543273448944092,8.786287307739258,0.637731671333313,0.9623542428016663,0.03764602541923523,0.0,3.0352439353009686e-05,0.09101173281669617
20,1.0,1.0,1.0,0.27319496870040894,0.1768711507320404,0.04626540094614029,0.16501706838607788,0.8349830508232117,0.4000000059604645,0.814032256603241,0.7050142288208008,0.6327766180038452,0.6400120258331299,0.1153576672077179,0.29966622591018677,0.7003341317176819,0.4000000059604645,0.5694583058357239,0.7050142288208008,0.2958390712738037,0.5260486006736755,0.08280330896377563,0.29446136951446533,0.705538809299469,0.6000000238418579,0.5694583058357239,0.814032256603241,0.0,8.807363510131836,14.390385627746582,0.6613906621932983,0.97151780128479,0.028482429683208466,0.0,0.00010370149539085105,0.7050142288208008
21,1.0,0.0,0.0,0.2040863186120987,0.2759856879711151,0.05575557053089142,0.2826329171657562,0.7173671722412109,0.6000000238418579,0.5261670351028442,0.7851760387420654,2.3856706619262695,4.552779197692871,0.46029332280158997,0.7988744378089905,0.201125830411911,0.6000000238418579,0.03849189728498459,0.7851760387420654,1.6462122201919556,3.2140450477600098,0.35374701023101807,0.7200337648391724,0.27996647357940674,0.6000000238418579,0.03849189728498459,0.5261670351028442,0.0,9.523146629333496,12.850006103515625,0.6886814832687378,0.9971073269844055,0.0028927777893841267,0.0,5.4066931625129655e-05,0.7851760387420654
22,1.0,0.0,0.0,0.18909773230552673,0.20740535855293274,0.043490730226039886,0.15637335181236267,0.8436267375946045,0.6000000238418579,0.617122232913971,0.6029642820358276,2.8845531940460205,4.186832427978516,0.43637216091156006,0.7743669748306274,0.22563305497169495,0.20000000298023224,0.008974381722509861,0.6029642820358276,2.8203976154327393,4.605408191680908,0.4294300973415375,0.7408282160758972,0.2591719329357147,0.20000000298023224,0.008974381722509861,0.617122232913971,0.0,5.860218524932861,10.706299781799316,0.638340413570404,0.9572158455848694,0.04278432950377464,0.0,0.0006741105462424457,0.6029642820358276
23,1.0,1.0,1.0,0.3291530907154083,0.2666199505329132,0.05947057902812958,0.24642232060432434,0.7535780668258667,0.800000011920929,0.231923446059227,0.3402986526489258,1.1744312047958374,1.6537107229232788,0.22680699825286865,0.5116299390792847,0.48837023973464966,0.6000000238418579,0.21089407801628113,0.3402986526489258,1.2321199178695679,1.6489816904067993,0.2432338297367096,0.5179258584976196,0.48207443952560425,0.4000000059604645,0.21089407801628113,0.231923446059227,0.0,12.307366371154785,9.081449508666992,0.6448943018913269,0.9551345705986023,0.04486558958888054,0.20000000298023224,9.840367454216903e-08,0.3402986526489258
24,0.0,0.0,0.0,0.3037988543510437,0.3511047065258026,0.07697391510009766,0.32416167855262756,0.6758385300636292,0.6000000238418579,0.12076163291931152,0.31700989603996277,3.518543243408203,13.230990409851074,0.6034778356552124,0.9454408884048462,0.05455953627824783,0.0,0.0036594963166862726,0.31700989603996277,3.0279643535614014,10.159894943237305,0.5884764194488525,0.9451656937599182,0.05483482778072357,0.0,0.004146752879023552,0.12076163291931152,0.0,1.7414528131484985,8.001333236694336,0.39399707317352295,0.744378924369812,0.25562113523483276,0.0,0.023238016292452812,0.31700989603996277
25,1.0,0.0,0.0,0.0562681183218956,0.04435395449399948,0.012097358703613281,0.10457765311002731,0.8954223394393921,0.800000011920929,0.89821857213974,0.7965112328529358,3.2297933101654053,3.9172286987304688,0.46338433027267456,0.7890458106994629,0.2109544426202774,0.4000000059604645,0.011486096307635307,0.7965112328529358,3.7669317722320557,4.252739906311035,0.5299037098884583,0.8890883326530457,0.11091174185276031,0.6000000238418579,0.011486096307635307,0.89821857213974,0.0,15.402101516723633,14.264457702636719,0.686722993850708,0.9947589635848999,0.005241071339696646,0.0,4.250872720490406e-08,0.7965112328529358
26,1.0,1.0,1.0,0.011947603896260262,0.022820277139544487,0.0033102938905358315,0.010756627656519413,0.9892436861991882,0.6000000238418579,0.9854198694229126,0.9916205406188965,1.5866575241088867,5.291413307189941,0.4127362370491028,0.7952389121055603,0.20476126670837402,0.4000000059604645,0.19642791152000427,0.9916205406188965,1.5539950132369995,4.404069900512695,0.40150004625320435,0.789527177810669,0.21047328412532806,0.6000000238418579,0.19642791152000427,0.9854198694229126,0.0,11.920783996582031,11.546845436096191,0.6889981031417847,0.9973370432853699,0.002663249848410487,0.0,6.065869911253685e-06,0.9916205406188965
27,1.0,0.0,0.0,0.14539137482643127,0.17391839623451233,0.03531865030527115,0.20201009511947632,0.7979902625083923,0.800000011920929,0.15921032428741455,0.22259525954723358,0.618217945098877,0.7103090882301331,0.13307008147239685,0.41204771399497986,0.587952733039856,0.800000011920929,0.06875529885292053,0.22259525954723358,0.5112542510032654,0.46804308891296387,0.09690824151039124,0.31063783168792725,0.6893627643585205,0.800000011920929,0.06875529885292053,0.15921032428741455,0.0,4.2034735679626465,6.685745716094971,0.5475821495056152,0.8630773425102234,0.13692282140254974,0.20000000298023224,0.011206316761672497,0.22259525954723358
28,0.0,0.0,0.0,0.643150269985199,0.78700190782547,0.15822598338127136,0.5238205194473267,0.47617974877357483,1.0,0.1764443814754486,0.5944784283638,3.5978033542633057,2.6025214195251465,0.4224857687950134,0.7342208027839661,0.26577967405319214,0.4000000059604645,0.0021090509835630655,0.5944784283638,2.8062970638275146,1.7663298845291138,0.35710829496383667,0.6902135014533997,0.30978676676750183,0.4000000059604645,0.005385650787502527,0.47962555289268494,0.0,9.579046249389648,12.320085525512695,0.6857035160064697,0.9950634241104126,0.004936979152262211,0.0,5.596314076683484e-05,0.5944784283638
29,0.0,1.0,0.0,0.4577336013317108,0.39462152123451233,0.09514687210321426,0.3816225230693817,0.6183777451515198,0.6000000238418579,0.3671196401119232,0.598886251449585,1.0770014524459839,2.8526244163513184,0.28120505809783936,0.6306205987930298,0.3693799674510956,0.4000000059604645,0.25151386857032776,0.598886251449585,1.4705989360809326,2.6967601776123047,0.3136020004749298,0.6202833652496338,0.3797172009944916,0.6000000238418579,0.03857090324163437,0.5341559052467346,0.0,7.540354251861572,10.240131378173828,0.671392560005188,0.985867977142334,0.014132199808955193,0.0,0.00020440678054001182,0.598886251449585
30,1.0,0.0,0.0,1.3504141569137573,1.7347898483276367,0.15800508856773376,0.29604604840278625,0.7039541602134705,0.20000000298023224,0.6680958271026611,0.7644173502922058,7.710202693939209,7.451846122741699,0.5975608825683594,0.9134595394134521,0.08654068410396576,0.0,5.165271068108268e-05,0.7644173502922058,7.505084037780762,7.753659248352051,0.6370849609375,0.9594350457191467,0.040564972907304764,0.0,5.165271068108268e-05,0.6680958271026611,0.0,14.738749504089355,12.283846855163574,0.6782951951026917,0.9899884462356567,0.010011700913310051,0.0,2.0175676240796747e-08,0.7644173502922058
31,0.0,0.0,0.0,1.5476406812667847,1.7079176902770996,0.29263007640838623,0.6296058893203735,0.3703944683074951,0.20000000298023224,0.002014138037338853,0.08312641829252243,2.53859806060791,5.021923065185547,0.43012285232543945,0.7757126688957214,0.2242874801158905,0.0,0.0025030176620930433,0.08312641829252243,2.4941248893737793,3.1612367630004883,0.3898656964302063,0.7244707345962524,0.27552929520606995,0.0,0.0028362905140966177,0.3387259840965271,0.0,7.098150730133057,10.567512512207031,0.6464555263519287,0.9660263061523438,0.03397386521100998,0.0,8.092362122624763e-07,0.08312641829252243
32,1.0,1.0,1.0,0.23943495750427246,0.23551157116889954,0.05460850149393082,0.2575431764125824,0.7424571514129639,1.0,0.4639167785644531,0.3742033541202545,1.3581514358520508,3.0862348079681396,0.2977587580680847,0.6176498532295227,0.38235047459602356,0.6000000238418579,0.16772815585136414,0.3742033541202545,0.9616265296936035,2.5041122436523438,0.24879500269889832,0.5943295359611511,0.4056708812713623,0.6000000238418579,0.16772815585136414,0.4639167785644531,0.0,8.397387504577637,13.178102493286133,0.6819494366645813,0.99278724193573,0.0072128246538341045,0.0,6.826141179772094e-05,0.3742033541202545
33,1.0,1.0,1.0,0.34550997614860535,0.29592758417129517,0.06836001574993134,0.28843995928764343,0.7115603089332581,1.0,0.5637049078941345,0.38220804929733276,0.7422647476196289,1.3973493576049805,0.1446683257818222,0.28888314962387085,0.7111173868179321,0.800000011920929,0.3736240267753601,0.38220804929733276,0.4130781888961792,0.7568842172622681,0.09384628385305405,0.29045480489730835,0.7095458507537842,0.800000011920929,0.3736240267753601,0.5637049078941345,0.0,5.067570209503174,11.346485137939453,0.6607668995857239,0.9842380285263062,0.01576218754053116,0.0,0.0034271366894245148,0.38220804929733276
34,1.0,0.0,0.0,0.1219642236828804,0.20119096338748932,0.035418082028627396,0.1644914597272873,0.8355087041854858,1.0,0.5459871888160706,0.6905186772346497,4.867787837982178,2.282987117767334,0.42383915185928345,0.7637557983398438,0.23624469339847565,0.20000000298023224,0.0005907746963202953,0.6905186772346497,4.034205913543701,1.7439930438995361,0.3746613562107086,0.7169162034988403,0.28308409452438354,0.20000000298023224,0.0005907746963202953,0.5459871888160706,0.0,9.735330581665039,10.207180976867676,0.6753605604171753,0.9880659580230713,0.011934557929635048,0.0,9.413010957359802e-06,0.6905186772346497
35,1.0,0.0,0.0,0.0004787736397702247,0.0017851802986115217,0.00016206965665332973,0.0005314949667081237,0.9994685649871826,0.6000000238418579,0.9993799328804016,0.9999108910560608,2.0009632110595703,9.461641311645508,0.4856640696525574,0.8648303747177124,0.13516980409622192,0.800000011920929,0.13508053123950958,0.9999108910560608,1.996020793914795,6.633422374725342,0.4837546944618225,0.8643008470535278,0.1356993466615677,0.800000011920929,0.13508053123950958,0.9993799328804016,0.0,3.6042351722717285,17.022018432617188,0.6300354599952698,0.9727298617362976,0.02727016620337963,0.6000000238418579,0.027180885896086693,0.9999108910560608
36,1.0,1.0,1.0,0.10460995882749557,0.15776732563972473,0.028507735580205917,0.10405805706977844,0.8959421515464783,0.800000011920929,0.6404587626457214,0.6464177370071411,1.5687947273254395,0.8042303919792175,0.1389731764793396,0.3790847361087799,0.6209154725074768,0.4000000059604645,0.446992963552475,0.6464177370071411,0.9500465989112854,0.6756289005279541,0.1190919280052185,0.3554556369781494,0.6445446014404297,0.4000000059604645,0.446992963552475,0.6404587626457214,1.0,2.966299057006836,5.893756866455078,0.5001980066299438,0.8729796409606934,0.1270204335451126,0.20000000298023224,0.10078120976686478,0.6464177370071411
37,1.0,1.0,1.0,0.04371169954538345,0.06733113527297974,0.00990423932671547,0.03260694444179535,0.967393159866333,0.4000000059604645,0.9549177885055542,0.9765672087669373,0.26719367504119873,1.0055586099624634,0.08480867743492126,0.24751542508602142,0.7524848580360413,0.4000000059604645,0.736085057258606,0.9765672087669373,0.20690539479255676,0.5703042149543762,0.06486178189516068,0.2238248735666275,0.7761755585670471,0.6000000238418579,0.736085057258606,0.9549177885055542,0.0,9.980738639831543,14.33720874786377,0.6882472038269043,0.9964652061462402,0.0035346434451639652,0.0,3.9177069993456826e-05,0.9765672087669373
38,0.0,0.0,0.0,1.2195110321044922,1.3308112621307373,0.24076992273330688,0.6073682308197021,0.3926320970058441,0.6000000238418579,0.06543104350566864,0.31084761023521423,6.722442626953125,2.9460368156433105,0.4937407374382019,0.8490606546401978,0.1509396731853485,0.0,2.0056254470546264e-06,0.31084761023521423,3.0977766513824463,3.3227624893188477,0.4870632588863373,0.8657159805297852,0.13428431749343872,0.0,0.03662390634417534,0.42666399478912354,0.0,8.270829200744629,8.064310073852539,0.6525360345840454,0.9715237021446228,0.028476571664214134,0.0,3.354834007041063e-06,0.31084761023521423
39,1.0,0.0,0.0,0.17030645906925201,0.11298783868551254,0.032134126871824265,0.18302935361862183,0.816970944404602,0.6000000238418579,0.7783441543579102,0.6118074059486389,1.3169450759887695,2.8874523639678955,0.3060789704322815,0.6148014068603516,0.38519880175590515,0.800000011920929,0.07433348149061203,0.6118074059486389,1.7015572786331177,3.242391586303711,0.36390239000320435,0.7041273713111877,0.29587289690971375,0.4000000059604645,0.07433348149061203,0.7783441543579102,0.0,5.144965171813965,15.847289085388184,0.6430653929710388,0.9674190878868103,0.03258107975125313,0.0,0.0019484739750623703,0.6118074059486389
40,0.0,0.0,0.0,0.17693935334682465,0.19857244193553925,0.04128432646393776,0.233054518699646,0.7669457197189331,0.800000011920929,0.2157597839832306,0.3743899464607239,1.8245208263397217,2.0602662563323975,0.338412880897522,0.7167952060699463,0.28320521116256714,0.4000000059604645,0.011614909395575523,0.3743899464607239,1.4425816535949707,1.8191473484039307,0.30978575348854065,0.6991839408874512,0.30081647634506226,0.4000000059604645,0.11019918322563171,0.45676347613334656,0.0,7.2874932289123535,9.860715866088867,0.6359211802482605,0.9650537371635437,0.03494637459516525,0.20000000298023224,1.3112033911966137e-06,0.3743899464607239
41,1.0,0.0,0.0,0.23024329543113708,0.22102339565753937,0.047085221856832504,0.1719849705696106,0.8280152082443237,0.800000011920929,0.7829504609107971,0.7075631618499756,2.1239609718322754,5.9692230224609375,0.48276013135910034,0.8609932065010071,0.13900721073150635,0.20000000298023224,0.08564490079879761,0.7075631618499756,1.9713910818099976,5.824362277984619,0.4607125222682953,0.8360528945922852,0.16394737362861633,0.20000000298023224,0.08564490079879761,0.7829504609107971,0.0,10.149242401123047,9.62485408782959,0.6739194393157959,0.985980212688446,0.014019913040101528,0.0,1.1239692867093254e-05,0.7075631618499756
42,1.0,1.0,1.0,0.06268642842769623,0.08474142849445343,0.017155680805444717,0.12715978920459747,0.8728403449058533,0.800000011920929,0.38745784759521484,0.42465782165527344,0.6349088549613953,1.4274215698242188,0.1672532558441162,0.4153767228126526,0.5846236348152161,0.6000000238418579,0.2478647083044052,0.42465782165527344,0.534417450428009,0.9693517684936523,0.13911330699920654,0.3882174491882324,0.611782968044281,0.6000000238418579,0.2478647083044052,0.38745784759521484,0.0,11.17390251159668,19.137657165527344,0.6913507580757141,0.9987120032310486,0.0012881184229627252,0.0,2.43113208853174e-06,0.42465782165527344
43,1.0,1.0,1.0,0.22343413531780243,2.2612204551696777,0.07479936629533768,0.2014305293560028,0.7985694408416748,0.20000000298023224,0.7971628308296204,0.9982210993766785,1.9046779870986938,11.728180885314941,0.47114938497543335,0.8506032824516296,0.14939671754837036,0.20000000298023224,0.1480582356452942,0.9982210993766785,1.706686019897461,4.912393569946289,0.4041445255279541,0.7831270694732666,0.21687304973602295,0.20000000298023224,0.1480582356452942,0.7971628308296204,0.0,7.542150020599365,19.410648345947266,0.6904187798500061,0.9991024136543274,0.000897799851372838,0.0,0.0005263750208541751,0.9982210993766785
44,1.0,0.0,0.0,0.09197718650102615,0.1101418286561966,0.02414093352854252,0.16851817071437836,0.8314821720123291,0.800000011920929,0.30749019980430603,0.4388604164123535,0.7979475855827332,0.8011542558670044,0.16845259070396423,0.45837846398353577,0.5416218042373657,0.6000000238418579,0.0584273561835289,0.4388604164123535,0.647628664970398,0.6501855254173279,0.1420920193195343,0.4417566657066345,0.5582437515258789,0.4000000059604645,0.0584273561835289,0.30749019980430603,0.0,3.2710366249084473,6.5546417236328125,0.5003581047058105,0.8336927890777588,0.1663072556257248,0.4000000059604645,0.008148614317178726,0.4388604164123535
45,1.0,1.0,1.0,0.301543653011322,0.20987319946289062,0.05269097536802292,0.1966467797756195,0.8033536076545715,0.6000000238418579,0.4274578094482422,0.3581465780735016,1.2870063781738281,1.0922199487686157,0.14736878871917725,0.3277076780796051,0.6722927689552307,0.6000000238418579,0.29558420181274414,0.3581465780735016,0.6320783495903015,0.748086154460907,0.10109446197748184,0.32080885767936707,0.6791914105415344,0.6000000238418579,0.29558420181274414,0.4274578094482422,0.0,4.10417366027832,7.40471887588501,0.538894772529602,0.8950996398925781,0.1049005389213562,0.4000000059604645,0.024152008816599846,0.3581465780735016
46,1.0,1.0,1.0,0.17283016443252563,0.1746651530265808,0.04008025303483009,0.1969953030347824,0.803005039691925,0.6000000238418579,0.5507395267486572,0.4534536600112915,1.084226131439209,1.0869375467300415,0.18574142456054688,0.4173814058303833,0.5826190710067749,0.4000000059604645,0.5381842851638794,0.4534536600112915,0.7697882056236267,0.6766511797904968,0.13134446740150452,0.30428826808929443,0.6957122683525085,0.4000000059604645,0.5381842851638794,0.5507395267486572,0.0,4.3061747550964355,7.937654972076416,0.6074180006980896,0.9473394751548767,0.05266052857041359,0.0,0.00911201722919941,0.4534536600112915
47,1.0,0.0,0.0,0.4888988733291626,0.523361086845398,0.0977717936038971,0.287122905254364,0.7128778696060181,1.0,0.24960751831531525,0.23454897105693817,2.871417284011841,5.3763556480407715,0.4618249535560608,0.8128094673156738,0.18719105422496796,0.6000000238418579,0.04833829030394554,0.23454897105693817,1.7958097457885742,2.756544351577759,0.39053064584732056,0.7673652768135071,0.23263531923294067,0.6000000238418579,0.04833829030394554,0.24960751831531525,0.0,7.462477684020996,6.902209281921387,0.6366296410560608,0.9640710949897766,0.03592927008867264,0.0,3.5724882764043286e-05,0.23454897105693817
48,1.0,1.0,1.0,0.12364453822374344,0.16999772191047668,0.03204938396811485,0.1415778398513794,0.8584224581718445,0.800000011920929,0.513634979724884,0.5242657661437988,0.522506058216095,1.0210354328155518,0.12810096144676208,0.3594501316547394,0.6405501961708069,0.6000000238418579,0.27911731600761414,0.5242657661437988,0.6591770052909851,0.9966034293174744,0.14602240920066833,0.42740699648857117,0.5725935697555542,0.4000000059604645,0.27911731600761414,0.513634979724884,0.0,9.015681266784668,13.564599990844727,0.6825146675109863,0.9951785802841187,0.004821916576474905,0.0,0.001939268782734871,0.5242657661437988
49,1.0,0.0,0.0,0.26673129200935364,0.44626832008361816,0.06332041323184967,0.1742255985736847,0.825774610042572,0.6000000238418579,0.49711236357688904,0.5793681144714355,2.0122311115264893,3.7730765342712402,0.4522138237953186,0.8526824712753296,0.14731787145137787,0.4000000059604645,0.08690910041332245,0.5793681144714355,1.5657788515090942,2.7459065914154053,0.3604789972305298,0.7576099634170532,0.24239030480384827,0.800000011920929,0.08690910041332245,0.49711236357688904,0.0,6.244937896728516,9.615172386169434,0.6676163673400879,0.985314130783081,0.014686030335724354,0.0,0.000875853409525007,0.5793681144714355
50,1.0,0.0,0.0,0.2360658496618271,0.25113409757614136,0.05778985843062401,0.2865326404571533,0.7134679555892944,0.800000011920929,0.2301899641752243,0.3676072657108307,1.1009252071380615,1.8549622297286987,0.2588302195072174,0.6023664474487305,0.39763399958610535,0.6000000238418579,0.05898791924118996,0.3676072657108307,0.9041323661804199,1.4780629873275757,0.2186533808708191,0.5225779414176941,0.4774225354194641,0.6000000238418579,0.05898791924118996,0.2301899641752243,0.0,7.924577236175537,8.905538558959961,0.6543132662773132,0.9715604186058044,0.028439760208129883,0.0,1.459482064092299e-05,0.3676072657108307
51,1.0,1.0,1.0,0.4147583246231079,0.3282277286052704,0.08387991786003113,0.34434106945991516,0.6556592583656311,0.800000011920929,0.4300841987133026,0.2736169397830963,1.5965795516967773,1.3682305812835693,0.21476995944976807,0.45235660672187805,0.5476437211036682,0.800000011920929,0.3259870111942291,0.2736169397830963,0.6220858097076416,0.9224663972854614,0.11750534176826477,0.298910528421402,0.7010897994041443,0.800000011920929,0.3259870111942291,0.4300841987133026,0.0,5.7663421630859375,7.961460113525391,0.6207462549209595,0.9411274194717407,0.058872777968645096,0.0,0.00021642576029989868,0.2736169397830963
52,1.0,1.0,1.0,0.06382148712873459,0.10731813311576843,0.017463702708482742,0.0796746164560318,0.9203256964683533,0.800000011920929,0.856786847114563,0.916428804397583,1.961037039756775,3.88390851020813,0.44190388917922974,0.8339889049530029,0.16601145267486572,0.4000000059604645,0.10197185724973679,0.916428804397583,1.7988412380218506,3.169246196746826,0.40509065985679626,0.79644775390625,0.20355254411697388,0.4000000059604645,0.10197185724973679,0.856786847114563,0.0,5.890336990356445,9.837871551513672,0.6666739583015442,0.9835296869277954,0.01647043414413929,0.0,0.002182908356189728,0.916428804397583
53,1.0,0.0,0.0,0.3340442180633545,0.2817811369895935,0.06794235855340958,0.28353404998779297,0.7164661288261414,1.0,0.4652186632156372,0.35900554060935974,3.6013317108154297,2.4350717067718506,0.39001697301864624,0.752694845199585,0.24730552732944489,0.4000000059604645,0.003210522700101137,0.35900554060935974,3.3271524906158447,2.347928047180176,0.4070512652397156,0.7735783457756042,0.22642210125923157,0.4000000059604645,0.003210522700101137,0.4652186632156372,0.0,7.006233215332031,5.090239524841309,0.4900653064250946,0.8396652936935425,0.16033513844013214,0.20000000298023224,3.852946247207001e-05,0.35900554060935974
54,1.0,1.0,1.0,0.05590999126434326,0.11500977724790573,0.01726006716489792,0.0807182565331459,0.9192818999290466,0.4000000059604645,0.8999255299568176,0.9805454015731812,0.9837200045585632,3.681540012359619,0.2830156683921814,0.6345502138137817,0.3654499351978302,0.20000000298023224,0.3459954857826233,0.9805454015731812,0.7837537527084351,2.256610870361328,0.22334688901901245,0.5579907298088074,0.4420096278190613,0.4000000059604645,0.3459954857826233,0.8999255299568176,0.0,1.8675786256790161,8.32211685180664,0.45307523012161255,0.8400986790657043,0.15990141034126282,0.20000000298023224,0.14104151725769043,0.9805454015731812
55,1.0,0.0,0.0,0.6569547653198242,0.48772576451301575,0.12724825739860535,0.46241143345832825,0.5375892519950867,0.800000011920929,0.7936025857925415,0.34326404333114624,2.0963966846466064,2.2359395027160645,0.3176459074020386,0.6197203397750854,0.3802800178527832,0.4000000059604645,0.04056929051876068,0.34326404333114624,2.725209951400757,2.8900012969970703,0.469765841960907,0.865429162979126,0.13457141816616058,0.4000000059604645,0.04056929051876068,0.7936025857925415,0.0,11.21314811706543,13.914531707763672,0.6320127248764038,0.9504499435424805,0.04955033212900162,0.20000000298023224,8.3348883350709e-09,0.34326404333114624
56,1.0,0.0,0.0,0.12209740281105042,0.07842151820659637,0.019148698076605797,0.05551622435450554,0.9444838762283325,0.6000000238418579,0.8304756879806519,0.8369960784912109,2.340857982635498,4.654697418212891,0.4930631220340729,0.8878507614135742,0.1121494248509407,0.6000000238418579,0.0700678750872612,0.8369960784912109,2.39217209815979,4.492900848388672,0.49896004796028137,0.8843507170677185,0.11564964056015015,0.800000011920929,0.0700678750872612,0.8304756879806519,0.0,10.157849311828613,16.375152587890625,0.6913301348686218,0.9989567995071411,0.0010432989802211523,0.0,3.3839351090136915e-05,0.8369960784912109
57,0.0,0.0,0.0,0.4917958676815033,0.45796671509742737,0.10306599736213684,0.38920849561691284,0.6107916235923767,1.0,0.2021900862455368,0.35651177167892456,1.9827831983566284,3.0598011016845703,0.403157114982605,0.7802040576934814,0.21979621052742004,0.4000000059604645,0.09728983789682388,0.35651177167892456,2.1590652465820312,1.986759066581726,0.35787490010261536,0.716180682182312,0.28381961584091187,0.4000000059604645,0.013166745193302631,0.5496096611022949,0.0,4.266419887542725,8.19765567779541,0.6100460290908813,0.9495042562484741,0.05049600079655647,0.20000000298023224,0.019714146852493286,0.35651177167892456
58,1.0,0.0,0.0,0.6191214323043823,1.4301679134368896,0.18564334511756897,0.48669424653053284,0.5133058428764343,1.0,0.49256423115730286,0.9791461825370789,3.8158762454986572,10.272828102111816,0.6206843852996826,0.959764838218689,0.04023563489317894,0.20000000298023224,0.019381890073418617,0.9791461825370789,3.0404484272003174,13.345361709594727,0.5818761587142944,0.9408630132675171,0.05913744121789932,0.20000000298023224,0.019381890073418617,0.49256423115730286,1.0,0.22416214644908905,1.9118270874023438,0.07207630574703217,0.19149763882160187,0.8085026741027832,0.20000000298023224,0.8022516369819641,0.9791461825370789
59,1.0,0.0,0.0,0.001157173071987927,0.001384793664328754,0.00025746741448529065,0.0010120626538991928,0.9989880919456482,0.6000000238418579,0.9977431893348694,0.9980882406234741,5.392976760864258,10.41048812866211,0.6757983565330505,0.9939689636230469,0.0060312156565487385,0.0,0.004477380309253931,0.9980882406234741,5.3876519203186035,10.516622543334961,0.6741546392440796,0.9935606718063354,0.006439590360969305,0.20000000298023224,0.004477380309253931,0.9977431893348694,0.0,12.161072731018066,16.358163833618164,0.6912678480148315,0.9992769956588745,0.0007231514900922775,0.20000000298023224,5.1208216973464005e-06,0.9980882406234741
60,0.0,0.0,0.0,0.4181517958641052,0.3984225392341614,0.09216815233230591,0.3530559241771698,0.6469442844390869,0.6000000238418579,0.06812867522239685,0.1055171936750412,1.7614222764968872,3.471297264099121,0.37428179383277893,0.7202779054641724,0.27972227334976196,0.20000000298023224,0.009393355809152126,0.1055171936750412,1.3313746452331543,2.3166286945343018,0.30580300092697144,0.650947093963623,0.34905314445495605,0.4000000059604645,0.013667251914739609,0.11232520639896393,0.0,5.360415935516357,8.193679809570312,0.6234226822853088,0.955736517906189,0.0442635640501976,0.0,0.00022682198323309422,0.1055171936750412
61,1.0,0.0,0.0,0.32413727045059204,0.3065437078475952,0.07094685733318329,0.27746033668518066,0.722540020942688,0.6000000238418579,0.1331220418214798,0.16640909016132355,1.6693837642669678,3.3171539306640625,0.33580127358436584,0.6757535338401794,0.32424670457839966,0.20000000298023224,0.05154037848114967,0.16640909016132355,1.4801054000854492,3.144618272781372,0.31788796186447144,0.6642365455627441,0.3357636630535126,0.4000000059604645,0.05154037848114967,0.1331220418214798,0.0,7.623456001281738,9.998455047607422,0.6565701365470886,0.9741268157958984,0.02587323635816574,0.0,3.0441012768278597e-06,0.16640909016132355
62,1.0,0.0,0.0,0.13315227627754211,0.24027207493782043,0.03818618133664131,0.1470494270324707,0.8529506921768188,0.800000011920929,0.7515969276428223,0.8344903588294983,5.2875800132751465,6.5996246337890625,0.6234869360923767,0.9489024877548218,0.05109764263033867,0.20000000298023224,0.0022531638387590647,0.8344903588294983,4.72899055480957,4.9558820724487305,0.5745049715042114,0.9056699275970459,0.09433040022850037,0.0,0.0022531638387590647,0.7515969276428223,0.0,20.71971893310547,11.673444747924805,0.6895549297332764,0.9976203441619873,0.0023797480389475822,0.0,2.0340838735588562e-10,0.8344903588294983
63,1.0,0.0,0.0,0.056073177605867386,0.06517545878887177,0.014848016202449799,0.13297896087169647,0.8670212030410767,1.0,0.26495012640953064,0.2975887060165405,3.397101402282715,9.54877758026123,0.5871752500534058,0.9285045862197876,0.07149571180343628,0.0,0.005870340391993523,0.2975887060165405,3.074028491973877,9.043668746948242,0.5656277537345886,0.9105618596076965,0.08943859487771988,0.0,0.005870340391993523,0.26495012640953064,0.0,2.9119679927825928,8.946422576904297,0.5374128818511963,0.8916690945625305,0.10833094269037247,0.0,0.004552594851702452,0.2975887060165405
